issued_utc,price,1h_price,1h_est_bp,1h_p_up,1h_dir,1h_strong,1h_p_model,1h_imp_bp,1h_ens_bp,1h_lo80_bp,1h_hi80_bp,1h_actual_bp,3h_price,3h_est_bp,3h_p_up,3h_dir,3h_strong,3h_p_model,3h_imp_bp,3h_ens_bp,3h_lo80_bp,3h_hi80_bp,3h_actual_bp,24h_price,24h_est_bp,24h_p_up,24h_dir,24h_strong,24h_p_model,24h_imp_bp,24h_ens_bp,24h_lo80_bp,24h_hi80_bp,24h_actual_bp
2025-09-27T00:14,0.7901,0.7901,0.00,0.483077,down,0,0.483077,0.00,-0.39,-66.5,63.4,15.2,0.7901,0.00,0.481311,down,0,0.481311,0.00,-0.90,-120.9,108.4,2.5,0.7901,0.00,0.500000,neutral,0,0.482414,0.00,-0.83,-376.0,326.2,-154.3
2025-09-27T00:29,0.7911,0.7911,0.00,0.481213,down,0,0.481213,0.00,-0.40,-66.5,63.3,-17.7,0.7911,0.00,0.486150,down,0,0.486150,0.00,-0.83,-120.7,108.4,27.8,0.7911,0.00,0.500000,neutral,0,0.479706,0.00,-0.33,-375.1,326.4,-119.5
2025-09-27T00:44,0.7913,0.7913,0.00,0.477468,down,0,0.477468,0.00,-0.50,-65.8,62.5,-17.7,0.7913,0.00,0.477513,down,0,0.477513,0.00,-0.86,-119.3,107.1,30.3,0.7913,0.00,0.500000,neutral,0,0.475536,0.00,0.11,-370.2,322.9,-137.4
2025-09-27T00:59,0.7923,0.7923,0.00,0.479575,down,0,0.479575,0.00,-0.48,-65.3,62.0,-25.3,0.7923,0.00,0.482490,down,0,0.482490,0.00,-0.91,-118.4,106.2,0.0,0.7923,0.00,0.500000,neutral,0,0.478873,0.00,-1.37,-368.7,318.9,-177.0
2025-09-27T01:14,0.7913,0.7913,0.00,0.481883,down,0,0.481883,0.00,-0.43,-64.7,61.6,-5.1,0.7913,0.00,0.485604,down,0,0.485604,0.00,-0.73,-117.8,106.0,-3.8,0.7913,0.00,0.500000,neutral,0,0.484213,0.00,-1.35,-367.5,317.8,-197.8
2025-09-27T01:29,0.7897,0.7897,0.00,0.498207,neutral,0,0.498207,0.00,-0.24,-63.6,60.9,-1.3,0.7897,0.00,0.492746,down,0,0.492746,0.00,-0.55,-116.4,105.1,41.7,0.7897,0.00,0.500000,neutral,0,0.490849,0.00,-1.32,-363.7,314.6,-175.0
2025-09-27T01:44,0.7899,0.7899,0.00,0.495360,neutral,0,0.495360,0.00,-0.30,-63.1,60.3,15.2,0.7899,0.00,0.492496,down,0,0.492496,0.00,-0.30,-115.6,104.8,27.8,0.7899,0.00,0.500000,neutral,0,0.486191,0.00,-1.32,-361.8,313.0,-215.0
2025-09-27T01:59,0.7903,0.7903,0.00,0.489716,down,0,0.489716,-0.01,-0.29,-61.8,59.0,-13.9,0.7903,0.00,0.491439,down,0,0.491439,0.00,-0.31,-113.6,102.9,17.7,0.7903,0.00,0.500000,neutral,0,0.487107,0.00,-1.29,-355.5,307.5,-217.5
2025-09-27T02:14,0.7909,0.7909,0.00,0.483427,down,0,0.483427,-0.01,-0.44,-60.8,57.8,-7.6,0.7909,0.00,0.482984,down,0,0.482984,0.00,-0.52,-112.2,101.3,-20.3,0.7909,0.00,0.500000,neutral,0,0.482844,0.00,-0.82,-350.1,303.7,-219.9
2025-09-27T02:29,0.7896,0.7896,0.00,0.492847,down,0,0.492847,-0.00,-0.37,-61.2,58.2,46.7,0.7896,0.00,0.485737,down,0,0.485737,0.00,-0.38,-113.3,102.5,-2.5,0.7896,0.00,0.500000,neutral,0,0.486682,0.00,-0.81,-353.8,307.0,-176.3
2025-09-27T02:44,0.7911,0.7911,0.00,0.481463,down,0,0.481463,-0.01,-0.49,-61.0,57.9,32.8,0.7911,0.00,0.478532,down,0,0.478532,0.00,-0.30,-113.2,102.6,-1.3,0.7911,0.00,0.500000,neutral,0,0.476139,0.00,-0.76,-353.8,307.0,-214.6
2025-09-27T02:59,0.7892,0.7892,0.00,0.492962,down,0,0.492962,-0.00,-0.29,-60.7,58.0,39.2,0.7892,0.00,0.488835,down,0,0.488835,0.00,-0.37,-113.6,102.8,26.6,0.7892,0.00,0.500000,neutral,0,0.492301,0.00,-0.82,-354.8,307.7,-184.1
2025-09-27T03:14,0.7903,0.7903,0.00,0.484665,down,0,0.484665,-0.01,-0.41,-61.2,58.2,8.9,0.7903,0.00,0.485856,down,0,0.485856,0.00,-0.75,-114.8,103.2,-10.1,0.7903,0.00,0.500000,neutral,0,0.482417,0.00,-0.64,-358.0,310.9,-189.0
2025-09-27T03:29,0.7933,0.7933,0.00,0.466724,down,0,0.466724,-0.02,-0.61,-60.9,57.5,-3.8,0.7933,0.00,0.465139,down,0,0.465139,0.00,-0.83,-114.2,102.5,-48.0,0.7933,0.00,0.500000,neutral,0,0.469742,0.00,-0.45,-356.3,309.8,-238.5
2025-09-27T03:44,0.7937,0.7937,0.00,0.471756,down,0,0.471756,-0.00,-0.50,-60.1,56.9,-20.2,0.7937,0.00,0.464205,down,0,0.464205,0.00,-0.52,-112.7,101.7,-51.8,0.7937,0.00,0.500000,neutral,0,0.474145,0.00,-0.66,-353.6,307.0,-248.8
2025-09-27T03:59,0.7923,0.7923,0.00,0.478292,down,0,0.478292,-0.00,-0.53,-59.6,56.4,-7.6,0.7923,0.00,0.472469,down,0,0.472469,0.00,-0.79,-112.2,100.8,-26.5,0.7923,0.00,0.500000,neutral,0,0.479086,0.00,-0.76,-352.0,305.5,-220.8
2025-09-27T04:14,0.791,0.7910,0.00,0.479493,down,0,0.479493,0.00,-0.36,-58.5,55.7,-21.5,0.7910,0.00,0.480413,down,0,0.480413,0.00,-0.87,-110.7,99.3,-17.7,0.7910,0.00,0.500000,neutral,0,0.487376,0.00,-0.74,-347.8,301.8,-221.1
2025-09-27T04:29,0.793,0.7930,0.00,0.473054,down,0,0.473054,-0.00,-0.44,-57.1,54.2,-45.5,0.7930,0.00,0.469495,down,0,0.469495,0.00,-0.62,-108.0,97.3,-65.8,0.7930,0.00,0.500000,neutral,0,0.477758,0.00,-0.69,-340.6,295.6,-251.6
2025-09-27T04:44,0.7921,0.7921,0.00,0.474065,down,0,0.474065,-0.01,-0.40,-56.4,53.6,-13.9,0.7921,0.00,0.473326,down,0,0.473326,0.00,-0.85,-107.2,96.1,-109.2,0.7921,0.00,0.500000,neutral,0,0.483523,0.00,-0.68,-337.9,293.3,-218.2
2025-09-27T04:59,0.7917,0.7917,0.00,0.476214,down,0,0.476214,-0.01,-0.37,-56.2,53.4,-5.1,0.7917,0.00,0.478704,down,0,0.478704,0.00,-0.61,-106.8,96.2,-100.3,0.7917,0.00,0.500000,neutral,0,0.483198,0.00,-0.67,-338.0,293.4,-211.9
2025-09-27T05:14,0.7893,0.7893,0.00,0.489409,down,0,0.489409,-0.01,-0.14,-56.0,53.7,2.5,0.7893,0.00,0.491491,down,0,0.491491,0.00,-0.51,-106.9,96.5,-108.3,0.7893,0.00,0.500000,neutral,0,0.494062,0.00,-0.99,-339.8,294.4,-207.4
2025-09-27T05:29,0.7894,0.7894,0.00,0.489719,down,0,0.489719,-0.01,-0.16,-55.6,53.3,1.3,0.7894,0.00,0.492058,down,0,0.492058,0.00,-0.64,-106.6,95.9,-90.3,0.7894,0.00,0.500000,neutral,0,0.493083,0.00,-0.78,-338.8,293.9,-175.1
2025-09-27T05:44,0.791,0.7910,0.00,0.476466,down,0,0.476466,-0.03,-0.37,-55.6,52.8,-17.7,0.7910,0.00,0.479532,down,0,0.479532,0.00,-0.79,-106.4,95.5,-124.7,0.7910,0.00,0.500000,neutral,0,0.479853,0.00,-0.72,-338.3,293.6,-210.8
2025-09-27T05:59,0.7913,0.7913,0.00,0.471268,down,0,0.471268,-0.04,-0.39,-55.4,52.7,-13.9,0.7913,0.00,0.475053,down,0,0.475053,0.00,-0.78,-106.3,95.4,-150.2,0.7913,0.00,0.500000,neutral,0,0.481247,0.00,-0.72,-338.9,294.1,-221.1
2025-09-27T06:14,0.7895,0.7895,0.00,0.483894,down,0,0.483894,-0.02,-0.32,-54.5,51.9,1.3,0.7895,0.00,0.483401,down,0,0.483401,0.00,-0.64,-104.8,94.3,-162.2,0.7895,0.00,0.500000,neutral,0,0.488418,0.00,-0.48,-334.7,290.9,-208.6
2025-09-27T06:29,0.7895,0.7895,0.00,0.484057,down,0,0.484057,-0.02,-0.32,-53.8,51.2,-21.6,0.7895,0.00,0.488568,down,0,0.488568,-0.00,-0.71,-103.6,93.1,-148.0,0.7895,0.00,0.500000,neutral,0,0.486904,0.00,-0.57,-331.6,288.0,-254.0
2025-09-27T06:44,0.7896,0.7896,0.00,0.483903,down,0,0.483903,-0.03,-0.17,-53.2,50.9,-77.6,0.7896,0.00,0.487853,down,0,0.487853,-0.01,-0.49,-102.7,92.7,-115.9,0.7896,0.00,0.500000,neutral,0,0.491601,0.00,-0.27,-329.7,286.9,-222.8
2025-09-27T06:59,0.7902,0.7902,0.00,0.477487,down,0,0.477487,-0.04,-0.23,-52.4,50.0,-81.3,0.7902,0.00,0.483019,down,0,0.483019,-0.03,-0.56,-101.3,91.3,-95.4,0.7902,0.00,0.500000,neutral,0,0.486055,0.00,-0.22,-325.6,283.5,-225.2
2025-09-27T07:14,0.7896,0.7896,0.00,0.475769,down,0,0.475769,-0.04,-0.20,-52.4,50.1,-112.1,0.7896,0.00,0.480651,down,0,0.480651,-0.03,-0.50,-101.6,91.7,-98.0,0.7896,0.00,0.500000,neutral,0,0.491080,0.00,-0.65,-327.9,284.6,-234.5
2025-09-27T07:29,0.7878,0.7878,0.00,0.488970,down,0,0.488970,-0.02,-0.14,-52.7,50.6,-70.1,0.7878,0.00,0.493676,down,0,0.493676,-0.02,-0.44,-102.5,92.6,-79.0,0.7878,0.00,0.500000,neutral,0,0.497941,0.00,-0.42,-331.4,288.1,-189.7
2025-09-27T07:44,0.7835,0.7835,0.00,0.495742,neutral,0,0.495742,0.00,0.06,-60.1,58.1,-29.4,0.7835,0.00,0.498541,neutral,0,0.498541,0.00,-0.30,-116.2,105.4,17.9,0.7835,0.00,0.500000,neutral,0,0.503537,0.00,-0.91,-373.7,324.1,-134.9
2025-09-27T07:59,0.7838,0.7838,0.00,0.494577,down,0,0.494577,-0.02,0.02,-61.2,59.0,-55.0,0.7838,0.00,0.493221,down,0,0.493221,-0.04,-0.51,-116.2,105.0,7.7,0.7838,0.00,0.500000,neutral,0,0.500311,0.00,-1.05,-373.9,324.0,-137.5
2025-09-27T08:14,0.7808,0.7808,0.00,0.494078,down,0,0.494078,-0.03,0.08,-63.6,61.5,-51.4,0.7808,0.00,0.494221,down,0,0.494221,-0.04,-0.24,-119.8,108.7,38.3,0.7808,0.00,0.500000,neutral,0,0.507855,0.00,-1.46,-383.6,331.7,-115.9
2025-09-27T08:29,0.7823,0.7823,0.00,0.488267,down,0,0.488267,-0.07,-0.05,-64.4,62.0,-56.4,0.7823,0.00,0.488704,down,0,0.488704,-0.09,-0.28,-118.9,107.9,34.5,0.7823,0.00,0.500000,neutral,0,0.498108,0.00,-1.46,-381.5,329.8,-152.0
2025-09-27T08:44,0.7812,0.7812,0.00,0.487539,down,0,0.487539,-0.07,-0.08,-58.1,55.8,-9.0,0.7812,0.00,0.489161,down,0,0.489161,-0.09,-0.24,-108.4,98.3,21.7,0.7812,0.00,0.500000,neutral,0,0.501817,0.00,-1.30,-345.0,298.3,-141.8
2025-09-27T08:59,0.7795,0.7795,0.00,0.492628,down,0,0.492628,-0.04,0.01,-58.3,56.3,41.0,0.7795,0.00,0.492436,down,0,0.492436,-0.08,-0.22,-110.3,100.1,47.4,0.7795,0.00,0.500000,neutral,0,0.506734,0.00,-1.25,-348.2,301.2,-121.3
2025-09-27T09:14,0.7768,0.7768,0.00,0.496741,neutral,0,0.496741,0.00,0.07,-57.8,55.9,65.4,0.7768,0.00,0.494169,down,0,0.494169,-0.07,0.01,-110.6,100.8,66.7,0.7768,0.00,0.500000,neutral,0,0.516404,0.00,-1.21,-347.0,300.2,-106.1
2025-09-27T09:29,0.7779,0.7779,0.00,0.501422,neutral,0,0.501422,0.00,0.02,-57.5,55.5,47.5,0.7779,0.00,0.495050,neutral,0,0.495050,0.00,0.01,-111.2,101.4,44.9,0.7779,0.00,0.500000,neutral,0,0.511582,0.00,-1.22,-346.4,299.7,-120.3
2025-09-27T09:44,0.7805,0.7805,0.00,0.483318,down,0,0.483318,-0.10,-0.21,-58.8,56.3,56.2,0.7805,0.00,0.481798,down,0,0.481798,-0.27,-0.18,-114.9,104.3,44.7,0.7805,0.00,0.500000,neutral,0,0.500155,0.00,-0.91,-353.8,306.7,-126.4
2025-09-27T09:59,0.7827,0.7827,0.00,0.474851,down,0,0.474851,-0.16,-0.40,-61.5,58.6,21.7,0.7827,0.00,0.472623,down,0,0.472623,-0.45,-0.32,-120.2,108.9,37.0,0.7827,0.00,0.500000,neutral,0,0.494009,0.00,-1.06,-370.7,321.2,-185.7
2025-09-27T10:14,0.7819,0.7819,0.00,0.473061,down,0,0.473061,-0.17,-0.46,-62.7,59.6,24.3,0.7819,0.00,0.468852,down,0,0.468852,-0.55,-0.52,-120.4,108.8,30.6,0.7819,0.00,0.500000,neutral,0,0.494115,0.00,-0.42,-370.9,322.6,-198.9
2025-09-27T10:29,0.7816,0.7816,0.00,0.477698,down,0,0.477698,-0.14,-0.40,-62.2,59.2,43.4,0.7816,0.00,0.468430,down,0,0.468430,-0.57,-0.53,-119.8,108.2,38.3,0.7816,0.00,0.500000,neutral,0,0.495876,0.00,-0.42,-369.6,321.4,-186.0
2025-09-27T10:44,0.7849,0.7849,0.00,0.464756,down,0,0.464756,-0.21,-0.64,-63.2,59.6,-25.5,0.7849,0.00,0.457946,down,0,0.457946,-0.77,-0.54,-121.4,109.6,14.0,0.7849,0.00,0.500000,neutral,0,0.487995,0.00,0.59,-374.4,327.5,-209.9
2025-09-27T10:59,0.7844,0.7844,0.00,0.473216,down,0,0.473216,-0.14,-0.45,-60.1,57.1,-15.3,0.7844,0.00,0.466071,down,0,0.466071,-0.59,-0.54,-116.1,104.8,15.3,0.7844,0.00,0.500000,neutral,0,0.494562,0.00,0.57,-358.5,313.6,-200.9
2025-09-27T11:14,0.7838,0.7838,0.00,0.466140,down,0,0.466140,-0.17,-0.46,-57.9,55.0,-23.0,0.7838,0.00,0.462309,down,0,0.462309,-0.63,-0.54,-112.1,101.2,34.4,0.7838,0.00,0.500000,neutral,0,0.496561,0.00,0.61,-346.9,303.6,-197.1
2025-09-27T11:29,0.785,0.7850,0.00,0.463809,down,0,0.463809,-0.16,-0.58,-57.6,54.4,-46.0,0.7850,0.00,0.461944,down,0,0.461944,-0.62,-0.55,-111.4,100.5,10.2,0.7850,0.00,0.500000,neutral,0,0.488664,0.00,0.60,-345.2,302.1,-245.0
2025-09-27T11:44,0.7829,0.7829,0.00,0.478928,down,0,0.478928,-0.10,-0.18,-55.2,52.9,14.0,0.7829,0.00,0.479696,down,0,0.479696,-0.32,-0.47,-107.7,97.2,42.1,0.7829,0.00,0.500000,neutral,0,0.502798,0.00,-0.28,-335.5,291.9,-206.5
2025-09-27T11:59,0.7832,0.7832,0.00,0.472929,down,0,0.472929,-0.13,-0.25,-54.8,52.4,30.6,0.7832,0.00,0.476537,down,0,0.476537,-0.36,-0.49,-107.1,96.7,11.5,0.7832,0.00,0.500000,neutral,0,0.496815,0.00,-0.28,-334.3,290.9,-186.9
2025-09-27T12:14,0.782,0.7820,0.00,0.471332,down,0,0.471332,-0.15,-0.26,-54.6,52.1,29.4,0.7820,0.00,0.474038,down,0,0.474038,-0.39,-0.49,-106.8,96.4,-2.6,0.7820,0.00,0.500000,neutral,0,0.494996,0.00,-0.28,-334.0,290.6,-197.6
2025-09-27T12:29,0.7814,0.7814,0.00,0.475097,down,0,0.475097,-0.15,-0.12,-54.2,52.0,40.9,0.7814,0.00,0.477481,down,0,0.477481,-0.34,-0.31,-106.3,96.3,17.9,0.7814,0.00,0.500000,neutral,0,0.497184,0.00,-0.33,-333.7,290.3,-175.6
2025-09-27T12:44,0.784,0.7840,0.00,0.464365,down,0,0.464365,-0.20,-0.38,-53.7,51.1,25.5,0.7840,0.00,0.479611,down,0,0.479611,-0.29,-0.29,-105.1,95.2,2.6,0.7840,0.00,0.500000,neutral,0,0.488119,0.00,-0.92,-331.3,287.1,-236.2
2025-09-27T12:59,0.7856,0.7856,0.00,0.469407,down,0,0.469407,-0.16,-0.42,-54.6,51.8,0.0,0.7856,0.00,0.485089,down,0,0.485089,-0.21,-0.39,-107.0,96.8,-1.3,0.7856,0.00,0.500000,neutral,0,0.489671,0.00,-0.35,-337.0,293.1,-248.7
2025-09-27T13:14,0.7843,0.7843,0.00,0.471905,down,0,0.471905,-0.14,-0.44,-54.3,51.5,28.0,0.7843,0.00,0.479240,down,0,0.479240,-0.28,-0.50,-106.7,96.3,2.5,0.7843,0.00,0.500000,neutral,0,0.492918,0.00,-0.42,-336.7,292.7,-207.4
2025-09-27T13:29,0.7846,0.7846,0.00,0.467493,down,0,0.467493,-0.14,-0.44,-53.9,51.1,15.3,0.7846,0.00,0.471428,down,0,0.471428,-0.36,-0.50,-106.1,95.8,-2.5,0.7846,0.00,0.500000,neutral,0,0.492497,0.00,-0.35,-335.2,291.6,-155.4
2025-09-27T13:44,0.786,0.7860,0.00,0.475152,down,0,0.475152,-0.09,-0.42,-51.4,48.7,2.5,0.7860,0.00,0.483541,down,0,0.483541,-0.19,-0.38,-101.3,91.6,-16.6,0.7860,0.00,0.500000,neutral,0,0.485941,0.00,-0.38,-320.9,279.1,-143.5
2025-09-27T13:59,0.7856,0.7856,0.00,0.481117,down,0,0.481117,-0.07,-0.31,-49.6,47.2,-19.1,0.7856,0.00,0.493687,down,0,0.493687,-0.07,-0.34,-98.2,88.8,-33.2,0.7856,0.00,0.500000,neutral,0,0.490274,0.00,-0.83,-312.3,270.7,-116.5
2025-09-27T14:14,0.7865,0.7865,0.00,0.469973,down,0,0.469973,-0.10,-0.49,-49.3,46.6,-59.9,0.7865,0.00,0.484232,down,0,0.484232,-0.16,-0.51,-97.6,88.0,-79.1,0.7865,0.00,0.500000,neutral,0,0.486859,0.00,-0.36,-310.2,269.8,-140.8
2025-09-27T14:29,0.7858,0.7858,0.00,0.474621,down,0,0.474621,-0.08,-0.35,-48.4,46.0,-38.3,0.7858,0.00,0.488862,down,0,0.488862,-0.11,-0.49,-96.2,86.7,-95.9,0.7858,0.00,0.500000,neutral,0,0.490281,0.00,-0.31,-306.2,266.4,-79.2
2025-09-27T14:44,0.7862,0.7862,0.00,0.467062,down,0,0.467062,-0.10,-0.40,-48.2,45.7,-25.5,0.7862,0.00,0.485530,down,0,0.485530,-0.14,-0.53,-96.0,86.4,-80.5,0.7862,0.00,0.500000,neutral,0,0.487905,0.00,-0.32,-306.0,266.1,-106.1
2025-09-27T14:59,0.7841,0.7841,0.00,0.476137,down,0,0.476137,-0.08,-0.19,-48.7,46.5,17.8,0.7841,0.00,0.491708,down,0,0.491708,-0.08,-0.43,-97.4,87.9,-42.2,0.7841,0.00,0.500000,neutral,0,0.500659,0.00,-0.30,-311.4,270.9,-57.6
2025-09-27T15:14,0.7818,0.7818,0.00,0.491734,down,0,0.491734,-0.04,-0.03,-51.7,49.8,34.5,0.7818,0.00,0.503967,neutral,0,0.503967,0.00,-0.41,-101.8,92.0,-26.9,0.7818,0.00,0.500000,neutral,0,0.500199,0.00,-0.57,-326.7,283.8,-34.6
2025-09-27T15:29,0.7828,0.7828,0.00,0.482427,down,0,0.482427,-0.08,-0.13,-51.1,49.1,20.4,0.7828,0.00,0.502724,neutral,0,0.502724,0.00,-0.25,-100.6,91.2,-30.7,0.7828,0.00,0.500000,neutral,0,0.499984,0.00,-1.22,-324.7,280.8,-48.7
2025-09-27T15:44,0.7842,0.7842,0.00,0.485281,down,0,0.485281,-0.07,-0.15,-51.5,49.3,6.4,0.7842,0.00,0.498692,neutral,0,0.498692,0.00,-0.44,-101.6,91.8,-70.4,0.7842,0.00,0.500000,neutral,0,0.494185,0.00,-0.92,-327.6,283.9,-69.1
2025-09-27T15:59,0.7855,0.7855,0.00,0.479902,down,0,0.479902,-0.10,-0.34,-50.3,47.8,-31.9,0.7855,0.00,0.495745,neutral,0,0.495745,0.00,-0.41,-99.1,89.6,-61.3,0.7855,0.00,0.500000,neutral,0,0.487539,0.00,-0.85,-320.3,277.6,-49.8
2025-09-27T16:14,0.7845,0.7845,0.00,0.481901,down,0,0.481901,-0.08,-0.36,-47.1,44.7,-53.7,0.7845,0.00,0.498685,neutral,0,0.498685,0.00,-0.43,-93.0,83.9,-52.4,0.7845,0.00,0.500000,neutral,0,0.491866,0.00,-1.15,-301.2,260.4,34.4
2025-09-27T16:29,0.7844,0.7844,0.00,0.490851,down,0,0.490851,-0.04,-0.26,-46.3,44.2,-78.1,0.7844,0.00,0.506153,up,0,0.506153,0.05,-0.23,-91.6,83.1,-29.4,0.7844,0.00,0.500000,neutral,0,0.492735,0.00,-1.10,-298.1,257.8,39.4
2025-09-27T16:44,0.7847,0.7847,0.00,0.494169,down,0,0.494169,-0.02,-0.28,-45.6,43.4,-61.4,0.7847,0.00,0.507176,up,0,0.507176,0.06,-0.45,-90.5,81.7,-53.7,0.7847,0.00,0.500000,neutral,0,0.494471,0.00,-1.20,-294.4,254.4,12.7
2025-09-27T16:59,0.783,0.7830,0.00,0.497069,neutral,0,0.497069,0.00,-0.07,-46.0,44.2,-28.1,0.7830,0.00,0.510914,up,0,0.510914,0.10,-0.21,-91.7,83.2,-19.2,0.7830,0.00,0.500000,neutral,0,0.505129,0.00,-0.92,-299.3,259.2,54.8
2025-09-27T17:14,0.7803,0.7803,0.00,0.510796,up,0,0.510796,0.05,0.04,-47.5,45.9,-7.7,0.7803,0.00,0.510024,up,0,0.510024,0.10,-0.20,-93.2,84.6,12.8,0.7803,0.00,0.500000,neutral,0,0.512381,0.00,0.04,-304.0,265.1,113.4
2025-09-27T17:29,0.7783,0.7783,0.00,0.517959,up,0,0.517959,0.10,0.19,-51.3,49.9,26.9,0.7783,0.00,0.506483,up,0,0.506483,0.07,-0.05,-99.1,90.2,19.3,0.7783,0.00,0.500000,neutral,0,0.512336,0.00,0.10,-324.1,282.7,121.3
2025-09-27T17:44,0.7799,0.7799,0.00,0.504088,neutral,0,0.504088,0.00,-0.07,-53.3,51.2,-15.4,0.7799,0.00,0.499209,neutral,0,0.499209,0.00,-0.28,-100.7,91.2,2.6,0.7799,0.00,0.500000,neutral,0,0.503252,0.00,0.17,-329.2,287.3,131.2
2025-09-27T17:59,0.7808,0.7808,0.00,0.496736,neutral,0,0.496736,0.00,-0.16,-52.9,50.7,-1.3,0.7808,0.00,0.493698,down,0,0.493698,-0.08,-0.17,-99.9,90.7,-14.1,0.7808,0.00,0.500000,neutral,0,0.497600,0.00,0.28,-327.6,286.1,127.3
2025-09-27T18:14,0.7797,0.7797,0.00,0.508400,up,0,0.508400,0.05,0.10,-51.7,50.1,9.0,0.7797,0.00,0.498723,neutral,0,0.498723,0.00,-0.09,-98.3,89.4,9.0,0.7797,0.00,0.500000,neutral,0,0.502913,0.00,0.43,-323.0,282.4,112.2
2025-09-27T18:29,0.7804,0.7804,0.00,0.506600,up,0,0.506600,0.04,-0.11,-49.3,47.4,21.8,0.7804,0.00,0.502143,neutral,0,0.502143,0.00,-0.09,-93.6,85.1,7.7,0.7804,0.00,0.500000,neutral,0,0.496690,0.00,1.28,-307.2,270.2,94.4
2025-09-27T18:44,0.7787,0.7787,0.00,0.512190,up,0,0.512190,0.07,0.16,-47.8,46.4,23.1,0.7787,0.00,0.504027,neutral,0,0.504027,0.00,-0.22,-91.5,83.0,47.4,0.7787,0.00,0.500000,neutral,0,0.504813,0.00,0.15,-301.8,263.4,135.2
2025-09-27T18:59,0.7807,0.7807,0.00,0.503628,neutral,0,0.503628,0.00,0.01,-47.5,45.8,10.2,0.7807,0.00,0.497000,neutral,0,0.497000,0.00,-0.37,-90.9,82.1,34.5,0.7807,0.00,0.500000,neutral,0,0.490774,0.00,-0.21,-300.2,261.3,134.9
2025-09-27T19:14,0.7804,0.7804,0.00,0.501721,neutral,0,0.501721,0.00,-0.00,-46.6,44.9,11.5,0.7804,0.00,0.500392,neutral,0,0.500392,0.00,-0.24,-89.3,80.9,58.8,0.7804,0.00,0.500000,neutral,0,0.496170,0.00,0.16,-295.4,257.8,114.7
2025-09-27T19:29,0.7821,0.7821,0.00,0.505523,up,0,0.505523,0.03,-0.16,-46.0,44.1,-29.5,0.7821,0.00,0.499719,neutral,0,0.499719,0.00,-0.59,-88.4,79.4,75.2,0.7821,0.00,0.500000,neutral,0,0.485854,0.00,-1.52,-293.6,253.1,96.7
2025-09-27T19:44,0.7805,0.7805,0.00,0.498399,neutral,0,0.498399,0.00,-0.01,-45.1,43.5,-5.1,0.7805,0.00,0.496900,neutral,0,0.496900,0.00,-0.34,-86.8,78.5,67.7,0.7805,0.00,0.500000,neutral,0,0.501269,0.00,-0.08,-288.3,251.2,108.3
2025-09-27T19:59,0.7815,0.7815,0.00,0.508894,up,0,0.508894,0.05,0.01,-44.6,43.0,-23.1,0.7815,0.00,0.500144,neutral,0,0.500144,0.00,-0.28,-86.0,77.8,39.6,0.7815,0.00,0.500000,neutral,0,0.495310,0.00,-0.80,-287.0,248.7,109.4
2025-09-27T20:14,0.7813,0.7813,0.00,0.503640,neutral,0,0.503640,0.00,-0.03,-44.2,42.6,-11.5,0.7813,0.00,0.502895,neutral,0,0.502895,0.00,-0.25,-85.3,77.2,28.1,0.7813,0.00,0.500000,neutral,0,0.497959,0.00,-0.80,-285.4,247.3,118.3
2025-09-27T20:29,0.7798,0.7798,0.00,0.516326,up,0,0.516326,0.09,0.17,-44.1,42.8,15.4,0.7798,0.00,0.514492,up,0,0.514492,0.15,-0.14,-85.5,77.7,21.8,0.7798,0.00,0.500000,neutral,0,0.510297,0.00,0.16,-286.2,249.8,176.7
2025-09-27T20:44,0.7801,0.7801,0.00,0.509752,up,0,0.509752,0.05,0.10,-44.2,42.8,29.4,0.7801,0.00,0.510097,up,0,0.510097,0.10,-0.16,-85.7,77.9,16.7,0.7801,0.00,0.500000,neutral,0,0.506561,0.00,0.12,-287.5,250.9,199.3
2025-09-27T20:59,0.7797,0.7797,0.00,0.519305,up,0,0.519305,0.10,0.27,-43.9,42.9,47.3,0.7797,0.00,0.512711,up,0,0.512711,0.13,-0.01,-85.6,78.0,15.4,0.7797,0.00,0.500000,neutral,0,0.510565,0.00,0.16,-288.0,251.3,176.7
2025-09-27T21:14,0.7804,0.7804,0.00,0.512243,up,0,0.512243,0.06,0.30,-43.2,42.2,58.8,0.7804,0.00,0.509464,up,0,0.509464,0.10,0.26,-84.2,77.2,-30.8,0.7804,0.00,0.500000,neutral,0,0.503374,0.00,0.18,-284.6,248.5,204.2
2025-09-27T21:29,0.781,0.7810,0.00,0.501219,neutral,0,0.501219,0.00,0.10,-42.8,41.5,89.2,0.7810,0.00,0.498662,neutral,0,0.498662,0.00,0.03,-83.4,76.1,9.0,0.7810,0.00,0.500000,neutral,0,0.497151,0.00,-0.55,-282.7,245.4,180.2
2025-09-27T21:44,0.7824,0.7824,0.00,0.489556,down,0,0.489556,-0.06,-0.13,-42.7,40.9,43.4,0.7824,0.00,0.494122,down,0,0.494122,-0.06,-0.12,-83.0,75.5,-24.3,0.7824,0.00,0.500000,neutral,0,0.492509,0.00,-1.18,-282.1,243.7,138.4
2025-09-27T21:59,0.7834,0.7834,0.00,0.482322,down,0,0.482322,-0.10,-0.27,-43.3,41.2,15.3,0.7834,0.00,0.492661,down,0,0.492661,-0.07,-0.30,-82.6,74.7,-64.0,0.7834,0.00,0.500000,neutral,0,0.488386,0.00,-1.04,-280.4,242.5,140.7
2025-09-27T22:14,0.785,0.7850,0.00,0.487291,down,0,0.487291,-0.08,-0.18,-43.9,41.9,-19.1,0.7850,0.00,0.495326,neutral,0,0.495326,0.00,0.02,-82.1,74.9,-117.9,0.7850,0.00,0.500000,neutral,0,0.486830,0.00,-1.05,-280.3,242.4,245.4
2025-09-27T22:29,0.788,0.7880,0.00,0.474904,down,0,0.474904,-0.16,-0.26,-45.6,43.5,-82.8,0.7880,0.00,0.485118,down,0,0.485118,-0.15,-0.05,-83.8,76.3,-153.5,0.7880,0.00,0.500000,neutral,0,0.477119,0.00,-1.13,-286.7,247.8,234.5
2025-09-27T22:44,0.7858,0.7858,0.00,0.491076,down,0,0.491076,-0.06,-0.28,-46.8,44.5,-56.2,0.7858,0.00,0.506351,up,0,0.506351,0.06,-0.18,-84.4,76.6,-162.9,0.7858,0.00,0.500000,neutral,0,0.493063,0.00,-1.12,-288.9,249.7,274.9
2025-09-27T22:59,0.7846,0.7846,0.00,0.489916,down,0,0.489916,-0.06,-0.10,-46.8,44.9,-47.3,0.7846,0.00,0.506378,up,0,0.506378,0.06,-0.10,-84.9,77.2,-145.1,0.7846,0.00,0.500000,neutral,0,0.500323,0.00,-1.11,-291.3,251.9,307.5
2025-09-27T23:14,0.7835,0.7835,0.00,0.499306,neutral,0,0.499306,0.00,0.16,-47.8,46.4,-70.4,0.7835,0.00,0.515032,up,0,0.515032,0.16,0.12,-87.2,79.7,-125.9,0.7835,0.00,0.500000,neutral,0,0.501509,0.00,-1.14,-300.5,259.8,328.9
2025-09-27T23:29,0.7815,0.7815,0.00,0.514242,up,0,0.514242,0.11,0.41,-48.3,47.4,2.6,0.7815,0.00,0.528820,up,0,0.528820,0.31,0.10,-87.1,79.5,-73.2,0.7815,0.00,0.500000,neutral,0,0.510873,0.00,-1.05,-300.4,260.0,328.5
2025-09-27T23:44,0.7814,0.7814,0.00,0.513681,up,0,0.513681,0.11,0.36,-48.2,47.2,-11.5,0.7814,0.00,0.523139,up,0,0.523139,0.24,0.20,-85.1,78.0,-91.3,0.7814,0.00,0.500000,neutral,0,0.505426,0.00,-1.02,-294.7,255.0,336.0
2025-09-27T23:59,0.7809,0.7809,0.00,0.516359,up,0,0.516359,0.13,0.34,-48.5,47.4,-32.1,0.7809,0.00,0.522942,up,0,0.522942,0.24,0.13,-84.1,76.9,-78.4,0.7809,0.00,0.500000,neutral,0,0.510077,0.00,-0.86,-291.5,252.5,348.6
2025-09-28T00:14,0.778,0.7780,0.00,0.535570,up,1,0.535570,0.30,0.62,-49.9,49.8,-28.3,0.7780,0.00,0.536211,up,1,0.536211,0.38,0.57,-85.4,79.9,-32.2,0.7780,0.00,0.500000,neutral,0,0.517589,0.00,0.60,-299.2,255.7,354.8
2025-09-28T00:29,0.7817,0.7817,0.00,0.507135,up,0,0.507135,0.06,0.24,-52.2,51.3,-73.2,0.7817,0.00,0.506331,up,0,0.506331,0.07,0.29,-89.1,82.7,-91.2,0.7817,0.00,0.500000,neutral,0,0.497548,0.00,-0.60,-312.4,264.7,314.8
2025-09-28T00:44,0.7805,0.7805,0.00,0.501168,neutral,0,0.501168,0.00,0.38,-58.2,57.4,-95.3,0.7805,0.00,0.506667,up,0,0.506667,0.08,0.26,-99.7,92.4,-81.0,0.7805,0.00,0.500000,neutral,0,0.504818,0.00,0.10,-349.1,297.2,306.6
2025-09-28T00:59,0.7784,0.7784,0.00,0.516361,up,0,0.516361,0.16,0.66,-59.6,59.3,-65.7,0.7784,0.00,0.518382,up,1,0.518382,0.24,0.60,-102.5,95.6,-43.8,0.7784,0.00,0.500000,neutral,0,0.516271,0.00,0.08,-360.3,306.8,337.3
2025-09-28T01:14,0.7758,0.7758,0.00,0.524156,up,1,0.524156,0.22,0.68,-58.6,58.4,-27.1,0.7758,0.00,0.525648,up,1,0.525648,0.34,0.75,-102.0,95.5,-27.1,0.7758,0.00,0.500000,neutral,0,0.518010,0.00,0.57,-355.4,303.4,362.0
2025-09-28T01:29,0.776,0.7760,0.00,0.525164,up,1,0.525164,0.21,0.79,-57.2,57.2,-2.6,0.7760,0.00,0.526933,up,1,0.526933,0.39,1.03,-98.6,92.9,-34.9,0.7760,0.00,0.500000,neutral,0,0.521582,0.00,0.55,-341.6,291.7,335.8
2025-09-28T01:44,0.7731,0.7731,0.00,0.533918,up,1,0.533918,0.27,0.72,-55.0,54.9,15.5,0.7731,0.00,0.533435,up,1,0.533435,0.44,1.03,-93.9,88.5,24.5,0.7731,0.00,0.500000,neutral,0,0.529873,0.00,0.60,-322.4,275.4,379.5
2025-09-28T01:59,0.7733,0.7733,0.00,0.526089,up,1,0.526089,0.19,0.62,-53.8,53.6,19.4,0.7733,0.00,0.528778,up,1,0.528778,0.35,0.90,-91.2,85.8,23.2,0.7733,0.00,0.500000,neutral,0,0.524973,0.00,0.60,-309.9,264.8,333.2
2025-09-28T02:14,0.7737,0.7737,0.00,0.522779,up,1,0.522779,0.16,0.51,-52.8,52.3,23.2,0.7737,0.00,0.530397,up,1,0.530397,0.34,0.87,-90.3,84.9,-7.8,0.7737,0.00,0.500000,neutral,0,0.522309,0.00,0.55,-304.1,259.8,341.8
2025-09-28T02:29,0.7758,0.7758,0.00,0.515633,up,0,0.515633,0.11,0.29,-52.9,52.1,-15.5,0.7758,0.00,0.514401,up,1,0.514401,0.14,0.64,-90.6,84.7,-1.3,0.7758,0.00,0.500000,neutral,0,0.509661,0.00,0.55,-304.6,260.2,344.6
2025-09-28T02:44,0.7743,0.7743,0.00,0.521132,up,1,0.521132,0.15,0.41,-52.0,51.4,-1.3,0.7743,0.00,0.527834,up,1,0.527834,0.25,0.79,-90.2,84.6,2.6,0.7743,0.00,0.500000,neutral,0,0.517676,0.00,0.57,-301.0,257.2,327.8
2025-09-28T02:59,0.7748,0.7748,0.00,0.516040,up,0,0.516040,0.12,0.35,-53.1,52.3,2.6,0.7748,0.00,0.521675,up,1,0.521675,0.18,0.71,-92.2,86.3,-10.3,0.7748,0.00,0.500000,neutral,0,0.510706,0.00,0.57,-307.7,262.9,337.6
2025-09-28T03:14,0.7755,0.7755,0.00,0.513559,up,0,0.513559,0.10,0.32,-52.7,51.9,-23.2,0.7755,0.00,0.511108,up,0,0.511108,0.08,0.63,-91.8,85.8,-29.7,0.7755,0.00,0.500000,neutral,0,0.506409,0.00,0.66,-306.4,261.9,308.5
2025-09-28T03:29,0.7746,0.7746,0.00,0.522733,up,1,0.522733,0.17,0.49,-52.2,51.8,-16.8,0.7746,0.00,0.515326,up,1,0.515326,0.11,0.77,-92.2,86.5,-63.5,0.7746,0.00,0.500000,neutral,0,0.516273,0.00,0.57,-305.5,261.0,361.3
2025-09-28T03:44,0.7742,0.7742,0.00,0.520134,up,1,0.520134,0.15,0.47,-51.6,51.1,10.3,0.7742,0.00,0.513964,up,0,0.513964,0.10,0.76,-91.2,85.6,-25.9,0.7742,0.00,0.500000,neutral,0,0.517577,0.00,0.57,-302.6,258.5,365.2
2025-09-28T03:59,0.775,0.7750,0.00,0.517041,up,1,0.517041,0.12,0.42,-50.3,49.8,1.3,0.7750,0.00,0.513622,up,0,0.513622,0.09,0.75,-89.0,83.5,-31.0,0.7750,0.00,0.500000,neutral,0,0.512926,0.00,0.63,-295.6,252.7,378.6
2025-09-28T04:14,0.7737,0.7737,0.00,0.520008,up,1,0.520008,0.14,0.52,-50.1,49.8,-7.8,0.7737,0.00,0.518820,up,1,0.518820,0.11,0.81,-89.0,83.6,-31.1,0.7737,0.00,0.500000,neutral,0,0.522643,0.00,0.68,-296.0,253.1,358.0
2025-09-28T04:29,0.7733,0.7733,0.00,0.523074,up,1,0.523074,0.16,0.50,-49.5,49.2,31.0,0.7733,0.00,0.516019,up,1,0.516019,0.09,0.84,-88.1,82.8,-3.9,0.7733,0.00,0.500000,neutral,0,0.519649,0.00,0.81,-293.1,250.9,339.4
2025-09-28T04:44,0.775,0.7750,0.00,0.502811,neutral,0,0.502811,0.00,0.38,-49.3,48.7,-6.5,0.7750,0.00,0.509581,up,0,0.509581,0.06,0.75,-87.7,82.3,-25.8,0.7750,0.00,0.500000,neutral,0,0.507156,0.00,0.66,-292.1,249.8,351.2
2025-09-28T04:59,0.7751,0.7751,0.00,0.500890,neutral,0,0.500890,0.00,0.40,-48.8,48.3,-14.2,0.7751,0.00,0.511812,up,0,0.511812,0.07,0.73,-87.1,81.7,-25.8,0.7751,0.00,0.500000,neutral,0,0.513715,0.00,0.77,-290.1,248.2,339.9
2025-09-28T05:14,0.7731,0.7731,0.00,0.501747,neutral,0,0.501747,0.00,0.51,-50.4,50.1,1.3,0.7731,0.00,0.515877,up,1,0.515877,0.10,0.80,-90.3,84.7,-16.8,0.7731,0.00,0.500000,neutral,0,0.523046,0.00,0.69,-301.2,257.6,312.0
2025-09-28T05:29,0.7757,0.7757,0.00,0.489229,down,0,0.489229,-0.08,0.21,-51.1,50.1,-77.7,0.7757,0.00,0.500093,neutral,0,0.500093,0.00,0.53,-91.4,85.3,-67.3,0.7757,0.00,0.500000,neutral,0,0.503277,0.00,0.56,-304.5,260.1,275.9
2025-09-28T05:44,0.7745,0.7745,0.00,0.489291,down,0,0.489291,-0.08,0.35,-50.8,50.1,-29.7,0.7745,0.00,0.509968,up,0,0.509968,0.06,0.67,-91.2,85.4,-55.7,0.7745,0.00,0.500000,neutral,0,0.517702,0.00,0.82,-304.4,260.5,300.2
2025-09-28T05:59,0.774,0.7740,0.00,0.495382,neutral,0,0.495382,0.00,0.37,-50.5,49.8,-18.1,0.7740,0.00,0.509361,up,0,0.509361,0.06,0.56,-90.9,84.9,-50.5,0.7740,0.00,0.500000,neutral,0,0.514795,0.00,0.68,-303.4,259.5,324.1
2025-09-28T06:14,0.7732,0.7732,0.00,0.501670,neutral,0,0.501670,0.00,0.36,-47.8,47.2,-24.6,0.7732,0.00,0.509232,up,0,0.509232,0.05,0.53,-86.3,80.6,-59.7,0.7732,0.00,0.500000,neutral,0,0.517001,0.00,0.69,-288.4,246.6,294.4
2025-09-28T06:29,0.7697,0.7697,0.00,0.511084,up,0,0.511084,0.08,0.58,-50.0,49.7,42.8,0.7697,0.00,0.522411,up,1,0.522411,0.12,0.89,-88.6,83.3,-14.3,0.7697,0.00,0.500000,neutral,0,0.533007,0.00,0.60,-297.4,254.2,344.8
2025-09-28T06:44,0.7722,0.7722,0.00,0.502432,neutral,0,0.502432,0.00,0.42,-50.4,49.9,10.4,0.7722,0.00,0.505467,up,0,0.505467,0.03,0.65,-89.5,83.8,-19.4,0.7722,0.00,0.500000,neutral,0,0.508755,0.00,0.66,-300.1,256.6,328.7
2025-09-28T06:59,0.7726,0.7726,0.00,0.498569,neutral,0,0.498569,0.00,0.36,-50.2,49.6,6.5,0.7726,0.00,0.501467,neutral,0,0.501467,0.00,0.37,-89.6,83.3,-55.8,0.7726,0.00,0.500000,neutral,0,0.509345,0.00,0.65,-299.6,256.2,289.6
2025-09-28T07:14,0.7713,0.7713,0.00,0.504028,neutral,0,0.504028,0.00,0.40,-52.0,51.4,6.5,0.7713,0.00,0.507851,up,0,0.507851,0.04,0.55,-92.8,86.6,-62.4,0.7713,0.00,0.500000,neutral,0,0.512109,0.00,0.73,-311.3,266.2,301.4
2025-09-28T07:29,0.773,0.7730,0.00,0.490716,down,0,0.490716,-0.08,0.14,-51.0,49.9,-32.4,0.7730,0.00,0.496993,neutral,0,0.496993,0.00,0.41,-90.8,84.5,-75.3,0.7730,0.00,0.500000,neutral,0,0.498528,0.00,0.68,-304.3,260.2,286.9
2025-09-28T07:44,0.773,0.7730,0.00,0.494352,down,0,0.494352,-0.04,0.25,-49.2,48.3,-36.3,0.7730,0.00,0.502787,neutral,0,0.502787,0.00,0.28,-88.1,81.7,-57.1,0.7730,0.00,0.500000,neutral,0,0.500781,0.00,0.57,-295.3,252.3,323.3
2025-09-28T07:59,0.7731,0.7731,0.00,0.495498,neutral,0,0.495498,0.00,0.27,-48.9,48.1,-38.9,0.7731,0.00,0.502814,neutral,0,0.502814,0.00,0.29,-87.7,81.4,-55.8,0.7731,0.00,0.500000,neutral,0,0.501526,0.00,0.57,-294.5,251.6,319.5
2025-09-28T08:14,0.7718,0.7718,0.00,0.500922,neutral,0,0.500922,0.00,0.36,-47.0,46.4,-41.5,0.7718,0.00,0.505886,up,0,0.505886,0.02,0.43,-84.5,78.8,-42.8,0.7718,0.00,0.500000,neutral,0,0.515202,0.00,0.51,-284.6,243.1,342.6
2025-09-28T08:29,0.7705,0.7705,0.00,0.503775,neutral,0,0.503775,0.00,0.50,-46.3,46.1,-24.7,0.7705,0.00,0.509283,up,0,0.509283,0.04,0.74,-83.5,78.4,-58.6,0.7705,0.00,0.500000,neutral,0,0.522599,0.00,0.46,-282.5,241.3,411.9
2025-09-28T08:44,0.7702,0.7702,0.00,0.502932,neutral,0,0.502932,0.00,0.42,-45.7,45.3,6.5,0.7702,0.00,0.501839,neutral,0,0.501839,0.00,0.60,-82.5,77.2,-42.9,0.7702,0.00,0.500000,neutral,0,0.518356,0.00,0.45,-278.8,238.1,414.6
2025-09-28T08:59,0.7701,0.7701,0.00,0.499152,neutral,0,0.499152,0.00,0.47,-47.0,46.7,-23.4,0.7701,0.00,0.500463,neutral,0,0.500463,0.00,0.74,-85.0,79.8,-18.2,0.7701,0.00,0.500000,neutral,0,0.519607,0.00,0.50,-288.2,246.1,398.4
2025-09-28T09:14,0.7686,0.7686,0.00,0.497196,neutral,0,0.497196,0.00,0.52,-47.2,47.0,-27.4,0.7686,0.00,0.497594,neutral,0,0.497594,0.00,0.67,-85.7,80.3,-24.8,0.7686,0.00,0.500000,neutral,0,0.516935,0.00,0.40,-290.6,248.0,389.2
2025-09-28T09:29,0.7686,0.7686,0.00,0.494371,down,0,0.494371,-0.04,0.45,-46.9,46.6,-18.2,0.7686,0.00,0.498930,neutral,0,0.498930,0.00,0.71,-85.2,79.9,-10.4,0.7686,0.00,0.500000,neutral,0,0.515790,0.00,0.54,-289.2,247.1,390.4
2025-09-28T09:44,0.7707,0.7707,0.00,0.488626,down,0,0.488626,-0.09,0.26,-47.9,47.1,-27.3,0.7707,0.00,0.491632,down,0,0.491632,-0.03,0.58,-86.9,81.2,-65.1,0.7707,0.00,0.500000,neutral,0,0.502872,0.00,0.55,-294.8,251.8,348.1
2025-09-28T09:59,0.7683,0.7683,0.00,0.498375,neutral,0,0.498375,0.00,0.52,-47.1,46.8,6.5,0.7683,0.00,0.508019,up,0,0.508019,0.03,0.77,-85.8,80.6,-26.1,0.7683,0.00,0.500000,neutral,0,0.518543,0.00,0.54,-292.1,249.6,388.1
2025-09-28T10:14,0.7665,0.7665,0.00,0.492253,down,0,0.492253,-0.06,0.57,-48.0,47.9,26.1,0.7665,0.00,0.504376,neutral,0,0.504376,0.00,0.91,-87.8,82.7,22.2,0.7665,0.00,0.500000,neutral,0,0.524825,0.00,0.57,-299.4,255.8,417.8
2025-09-28T10:29,0.7672,0.7672,0.00,0.491692,down,0,0.491692,-0.07,0.51,-47.9,47.6,-15.7,0.7672,0.00,0.496704,neutral,0,0.496704,0.00,0.80,-87.6,82.3,68.8,0.7672,0.00,0.500000,neutral,0,0.514672,0.00,0.55,-298.8,255.2,412.4
2025-09-28T10:44,0.7686,0.7686,0.00,0.489071,down,0,0.489071,-0.09,0.44,-47.2,46.8,-22.1,0.7686,0.00,0.495926,neutral,0,0.495926,0.00,0.78,-86.5,81.2,80.3,0.7686,0.00,0.500000,neutral,0,0.514383,0.00,0.53,-295.1,252.1,349.0
2025-09-28T10:59,0.7688,0.7688,0.00,0.490287,down,0,0.490287,-0.08,0.43,-45.8,45.5,-1.3,0.7688,0.00,0.492393,down,0,0.492393,-0.02,0.71,-84.2,79.0,99.7,0.7688,0.00,0.500000,neutral,0,0.509040,0.00,0.51,-287.6,245.6,320.0
2025-09-28T11:14,0.7685,0.7685,0.00,0.488321,down,0,0.488321,-0.09,0.27,-43.4,42.8,-23.4,0.7685,0.00,0.494122,down,0,0.494122,-0.02,0.48,-79.8,74.5,90.7,0.7685,0.00,0.500000,neutral,0,0.508535,0.00,0.51,-272.3,232.6,277.2
2025-09-28T11:29,0.766,0.7660,0.00,0.502119,neutral,0,0.502119,0.00,0.51,-43.4,43.2,23.5,0.7660,0.00,0.504165,neutral,0,0.504165,0.00,0.78,-80.1,75.4,176.0,0.7660,0.00,0.500000,neutral,0,0.526979,0.00,0.52,-274.5,234.6,357.8
2025-09-28T11:44,0.7669,0.7669,0.00,0.498314,neutral,0,0.498314,0.00,0.42,-44.0,43.6,-15.7,0.7669,0.00,0.499966,neutral,0,0.499966,0.00,0.71,-81.3,76.3,142.4,0.7669,0.00,0.500000,neutral,0,0.515446,0.00,0.54,-278.5,238.0,358.6
2025-09-28T11:59,0.7687,0.7687,0.00,0.488264,down,0,0.488264,-0.09,0.25,-44.8,44.1,-31.3,0.7687,0.00,0.491986,down,0,0.491986,-0.02,0.60,-82.7,77.4,140.8,0.7687,0.00,0.500000,neutral,0,0.507398,0.00,0.59,-283.2,242.1,332.6
2025-09-28T12:14,0.7667,0.7667,0.00,0.496472,neutral,0,0.496472,0.00,0.52,-46.4,46.2,19.5,0.7667,0.00,0.498679,neutral,0,0.498679,0.00,0.76,-86.2,81.0,160.4,0.7667,0.00,0.500000,neutral,0,0.517772,0.00,0.67,-296.0,253.1,354.9
2025-09-28T12:29,0.7678,0.7678,0.00,0.483472,down,1,0.483472,-0.13,0.15,-45.7,44.8,61.0,0.7678,0.00,0.490002,down,1,0.490002,-0.02,-0.10,-85.3,78.4,144.8,0.7678,0.00,0.500000,neutral,0,0.506365,0.00,0.20,-290.4,247.5,397.1
2025-09-28T12:44,0.7657,0.7657,0.00,0.496884,neutral,0,0.496884,0.00,0.37,-44.7,44.2,118.1,0.7657,0.00,0.501953,neutral,0,0.501953,0.00,0.68,-83.2,78.0,169.6,0.7657,0.00,0.500000,neutral,0,0.519989,0.00,0.51,-286.0,244.3,359.2
2025-09-28T12:59,0.7663,0.7663,0.00,0.493082,down,0,0.493082,-0.06,0.36,-45.7,45.2,132.2,0.7663,0.00,0.501160,neutral,0,0.501160,0.00,0.48,-85.4,79.6,197.7,0.7663,0.00,0.500000,neutral,0,0.520120,0.00,0.65,-293.0,250.6,314.7
2025-09-28T13:14,0.7682,0.7682,0.00,0.481274,down,1,0.481274,-0.15,0.00,-44.9,43.7,94.6,0.7682,0.00,0.494032,down,0,0.494032,-0.02,-0.16,-84.1,77.2,244.3,0.7682,0.00,0.500000,neutral,0,0.506593,0.00,0.17,-287.0,244.5,303.9
2025-09-28T13:29,0.7725,0.7725,0.00,0.469138,down,1,0.469138,-0.26,-0.36,-49.5,47.4,91.5,0.7725,0.00,0.485614,down,1,0.485614,-0.04,-0.78,-90.9,82.3,192.3,0.7725,0.00,0.500000,neutral,0,0.490249,0.00,-1.75,-310.5,261.0,240.5
2025-09-28T13:44,0.7748,0.7748,0.00,0.461138,down,1,0.461138,-0.32,-0.57,-50.3,47.8,39.9,0.7748,0.00,0.480539,down,1,0.480539,-0.05,-0.87,-90.5,81.7,139.7,0.7748,0.00,0.500000,neutral,0,0.481710,0.00,-1.55,-308.9,259.9,338.8
2025-09-28T13:59,0.7765,0.7765,0.00,0.457629,down,1,0.457629,-0.35,-0.50,-52.9,50.5,39.8,0.7765,0.00,0.480057,down,1,0.480057,-0.04,-0.60,-94.4,85.8,138.1,0.7765,0.00,0.500000,neutral,0,0.481082,0.00,-1.44,-320.1,269.7,381.6
2025-09-28T14:14,0.7755,0.7755,0.00,0.466994,down,1,0.466994,-0.25,-0.40,-53.3,51.1,46.3,0.7755,0.00,0.486188,down,1,0.486188,-0.03,-0.43,-94.2,86.0,175.1,0.7755,0.00,0.500000,neutral,0,0.488573,0.00,-1.59,-317.6,267.3,442.7
2025-09-28T14:29,0.7796,0.7796,0.00,0.462970,down,1,0.462970,-0.23,-0.49,-53.3,50.9,-7.7,0.7796,0.00,0.485486,down,1,0.485486,-0.03,-0.41,-93.3,85.3,104.6,0.7796,0.00,0.500000,neutral,0,0.469656,0.00,-1.37,-311.6,262.6,383.8
2025-09-28T14:44,0.7779,0.7779,0.00,0.471404,down,1,0.471404,-0.15,-0.22,-52.1,50.3,11.6,0.7779,0.00,0.497471,neutral,0,0.497471,0.00,-0.28,-92.7,84.9,156.9,0.7779,0.00,0.500000,neutral,0,0.486213,0.00,-1.32,-307.0,258.8,415.5
2025-09-28T14:59,0.7796,0.7796,0.00,0.468122,down,1,0.468122,-0.14,-0.13,-48.5,46.9,25.6,0.7796,0.00,0.492071,down,0,0.492071,-0.01,-0.11,-87.3,80.2,142.6,0.7796,0.00,0.500000,neutral,0,0.475478,0.00,-0.52,-286.3,242.7,414.6
2025-09-28T15:14,0.7791,0.7791,0.00,0.468256,down,1,0.468256,-0.12,-0.11,-48.8,47.3,103.4,0.7791,0.00,0.493174,down,0,0.493174,-0.01,-0.08,-88.9,81.8,119.9,0.7791,0.00,0.500000,neutral,0,0.478532,0.00,-0.51,-289.3,245.2,350.6
2025-09-28T15:29,0.779,0.7790,0.00,0.475700,down,1,0.475700,-0.09,0.01,-45.8,44.6,108.5,0.7790,0.00,0.503728,neutral,0,0.503728,0.00,-0.07,-84.7,77.9,112.3,0.7790,0.00,0.500000,neutral,0,0.484688,0.00,-0.55,-272.9,231.2,305.9
2025-09-28T15:44,0.7788,0.7788,0.00,0.476798,down,1,0.476798,-0.08,-0.01,-45.4,44.1,88.2,0.7788,0.00,0.501479,neutral,0,0.501479,0.00,-0.09,-84.9,78.1,133.9,0.7788,0.00,0.500000,neutral,0,0.482171,0.00,-0.54,-271.2,229.8,313.5
2025-09-28T15:59,0.7816,0.7816,0.00,0.470743,down,1,0.470743,-0.09,-0.09,-46.1,44.7,72.7,0.7816,0.00,0.494674,down,0,0.494674,-0.01,-0.19,-87.1,80.0,123.3,0.7816,0.00,0.500000,neutral,0,0.465123,0.00,-0.60,-275.7,233.5,258.9
2025-09-28T16:14,0.7872,0.7872,0.00,0.445463,down,1,0.445463,-0.10,-0.32,-55.9,53.8,25.4,0.7872,0.00,0.468174,down,1,0.468174,-0.02,-0.18,-104.5,95.9,27.9,0.7872,0.00,0.500000,neutral,0,0.453657,0.00,-0.62,-327.5,277.5,212.4
2025-09-28T16:29,0.7875,0.7875,0.00,0.447312,down,1,0.447312,-0.02,-0.36,-57.2,55.0,3.8,0.7875,0.00,0.470151,down,1,0.470151,0.00,-0.37,-106.2,97.2,27.9,0.7875,0.00,0.500000,neutral,0,0.459155,0.00,-0.21,-328.9,279.5,187.4
2025-09-28T16:44,0.7857,0.7857,0.00,0.454511,down,1,0.454511,0.00,-0.24,-59.6,57.5,57.1,0.7857,0.00,0.477189,down,1,0.477189,0.00,-0.28,-109.9,100.7,41.9,0.7857,0.00,0.500000,neutral,0,0.470345,0.00,-0.19,-337.6,286.9,201.6
2025-09-28T16:59,0.7873,0.7873,0.00,0.452418,down,1,0.452418,0.00,-0.28,-60.1,58.0,44.4,0.7873,0.00,0.471887,down,1,0.471887,0.00,-0.32,-109.9,100.7,35.5,0.7873,0.00,0.500000,neutral,0,0.464373,0.00,-0.19,-334.6,284.4,141.3
2025-09-28T17:14,0.7892,0.7892,0.00,0.453255,down,1,0.453255,0.00,-0.20,-52.2,50.4,-8.9,0.7892,0.00,0.475637,down,1,0.475637,0.00,-0.12,-96.4,88.7,17.7,0.7892,0.00,0.500000,neutral,0,0.458308,0.00,0.02,-291.2,247.8,122.2
2025-09-28T17:29,0.7878,0.7878,0.00,0.458970,down,1,0.458970,0.00,-0.05,-53.7,52.1,0.0,0.7878,0.00,0.483519,down,1,0.483519,0.00,-0.07,-100.6,92.6,74.6,0.7878,0.00,0.500000,neutral,0,0.465289,0.00,0.00,-301.3,256.4,132.4
2025-09-28T17:44,0.7902,0.7902,0.00,0.450848,down,1,0.450848,0.00,-0.29,-53.1,51.1,-11.4,0.7902,0.00,0.474811,down,1,0.474811,0.00,-0.16,-100.4,92.2,70.6,0.7902,0.00,0.500000,neutral,0,0.454999,0.00,0.02,-297.6,253.3,114.5
2025-09-28T17:59,0.7908,0.7908,0.00,0.454131,down,1,0.454131,0.00,-0.27,-53.3,51.4,6.3,0.7908,0.00,0.477636,down,1,0.477636,0.00,-0.22,-102.2,93.8,35.3,0.7908,0.00,0.500000,neutral,0,0.457801,0.00,-0.02,-300.2,255.4,120.7
2025-09-28T18:14,0.7885,0.7885,0.00,0.464160,down,1,0.464160,0.00,-0.16,-55.1,53.3,11.4,0.7885,0.00,0.490173,down,0,0.490173,0.00,-0.30,-107.2,98.3,100.9,0.7885,0.00,0.500000,neutral,0,0.468389,0.00,-0.03,-311.9,265.3,100.9
2025-09-28T18:29,0.7878,0.7878,0.00,0.468394,down,1,0.468394,0.00,-0.07,-52.4,50.8,24.1,0.7878,0.00,0.490897,down,0,0.490897,0.00,-0.29,-103.2,94.6,93.5,0.7878,0.00,0.500000,neutral,0,0.470758,0.00,-0.24,-297.8,253.0,119.9
2025-09-28T18:44,0.7893,0.7893,0.00,0.469359,down,1,0.469359,0.00,-0.06,-50.8,49.3,-3.8,0.7893,0.00,0.491441,down,0,0.491441,0.00,-0.08,-101.2,93.2,50.5,0.7893,0.00,0.500000,neutral,0,0.461107,0.00,0.01,-289.8,246.6,112.1
2025-09-28T18:59,0.7913,0.7913,0.00,0.466299,down,1,0.466299,0.00,-0.11,-49.8,48.3,-15.2,0.7913,0.00,0.487107,down,1,0.487107,0.00,-0.16,-100.4,92.2,40.4,0.7913,0.00,0.500000,neutral,0,0.452422,0.00,0.02,-284.6,242.2,95.6
2025-09-28T19:14,0.7894,0.7894,0.00,0.476033,down,1,0.476033,0.00,-0.12,-48.2,46.7,15.2,0.7894,0.00,0.492669,down,0,0.492669,0.00,-0.29,-97.5,89.3,189.5,0.7894,0.00,0.500000,neutral,0,0.464511,0.00,0.00,-276.3,235.1,154.6
2025-09-28T19:29,0.7897,0.7897,0.00,0.476141,down,1,0.476141,0.00,-0.03,-47.5,46.2,50.5,0.7897,0.00,0.489158,down,1,0.489158,0.00,-0.03,-96.1,88.5,213.0,0.7897,0.00,0.500000,neutral,0,0.466968,0.00,0.05,-273.3,232.7,145.8
2025-09-28T19:44,0.789,0.7890,0.00,0.477887,down,1,0.477887,0.00,0.08,-46.9,45.8,85.8,0.7890,0.00,0.491808,down,0,0.491808,0.00,0.01,-95.2,87.8,234.2,0.7890,0.00,0.500000,neutral,0,0.473350,0.00,0.07,-271.1,230.8,179.6
2025-09-28T19:59,0.7901,0.7901,0.00,0.482698,down,1,0.482698,0.00,0.09,-45.7,44.6,44.2,0.7901,0.00,0.491836,down,0,0.491836,0.00,-0.03,-93.0,85.7,237.6,0.7901,0.00,0.500000,neutral,0,0.462808,0.00,0.02,-265.0,225.5,181.9
2025-09-28T20:14,0.7906,0.7906,0.00,0.479324,down,1,0.479324,0.00,-0.07,-44.7,43.4,74.3,0.7906,0.00,0.486267,down,1,0.486267,0.00,-0.08,-91.0,83.7,238.7,0.7906,0.00,0.500000,neutral,0,0.461619,0.00,0.08,-259.3,220.8,217.7
2025-09-28T20:29,0.7937,0.7937,0.00,0.459131,down,1,0.459131,0.00,-0.17,-47.5,45.9,18.9,0.7937,0.00,0.477097,down,1,0.477097,0.00,-0.13,-94.9,87.2,173.6,0.7937,0.00,0.500000,neutral,0,0.454662,0.00,0.18,-270.5,230.5,179.8
2025-09-28T20:44,0.7958,0.7958,0.00,0.463632,down,1,0.463632,0.00,-0.20,-51.2,49.5,-31.5,0.7958,0.00,0.476418,down,1,0.476418,0.00,-0.11,-100.3,92.3,153.4,0.7958,0.00,0.500000,neutral,0,0.457272,0.00,0.18,-286.4,244.1,207.7
2025-09-28T20:59,0.7936,0.7936,0.00,0.476970,down,1,0.476970,0.00,-0.04,-52.8,51.3,11.3,0.7936,0.00,0.483101,down,1,0.483101,0.00,-0.05,-103.9,95.7,187.2,0.7936,0.00,0.500000,neutral,0,0.471252,0.00,0.23,-297.0,253.1,247.7
2025-09-28T21:14,0.7965,0.7965,0.00,0.462298,down,1,0.462298,0.00,-0.24,-55.5,53.5,99.9,0.7965,0.00,0.477494,down,1,0.477494,0.00,-0.17,-108.0,99.3,119.8,0.7965,0.00,0.500000,neutral,0,0.454159,0.00,0.20,-305.7,260.5,195.2
2025-09-28T21:29,0.7952,0.7952,0.00,0.466368,down,1,0.466368,0.00,-0.07,-54.7,53.1,143.6,0.7952,0.00,0.488038,down,1,0.488038,0.00,-0.09,-106.9,98.4,143.6,0.7952,0.00,0.500000,neutral,0,0.468309,0.00,0.22,-303.1,258.3,232.4
2025-09-28T21:44,0.7933,0.7933,0.00,0.482020,down,1,0.482020,0.00,0.12,-52.5,51.3,179.9,0.7933,0.00,0.495611,neutral,0,0.495611,0.00,-0.00,-103.2,95.1,143.9,0.7933,0.00,0.500000,neutral,0,0.476342,0.00,0.19,-293.1,249.7,249.0
2025-09-28T21:59,0.7945,0.7945,0.00,0.477330,down,1,0.477330,0.00,-0.02,-50.6,49.2,182.1,0.7945,0.00,0.488507,down,1,0.488507,0.00,-0.03,-99.5,91.6,132.5,0.7945,0.00,0.500000,neutral,0,0.469093,0.00,0.11,-282.8,240.8,206.8
2025-09-28T22:14,0.8045,0.8045,0.00,0.463459,down,1,0.463459,0.00,-0.13,-78.8,76.5,64.4,0.8045,0.00,0.474004,down,1,0.474004,0.00,-0.06,-153.4,141.3,-1.2,0.8045,0.00,0.500000,neutral,0,0.462657,0.00,0.23,-434.4,370.1,64.4
2025-09-28T22:29,0.8067,0.8067,0.00,0.461108,down,1,0.461108,0.00,-0.20,-81.9,79.3,11.2,0.8067,0.00,0.473302,down,1,0.473302,0.00,-0.02,-157.9,145.6,-52.2,0.8067,0.00,0.500000,neutral,0,0.466079,0.00,0.30,-443.2,377.7,33.4
2025-09-28T22:44,0.8077,0.8077,0.00,0.459407,down,1,0.459407,0.00,-0.23,-84.4,81.7,5.0,0.8077,0.00,0.471710,down,1,0.471710,0.00,-0.03,-161.5,148.9,-58.4,0.8077,0.00,0.500000,neutral,0,0.463046,0.00,0.25,-451.5,384.6,1.2
2025-09-28T22:59,0.8091,0.8091,0.00,0.458031,down,1,0.458031,0.00,-0.25,-86.8,83.9,-6.2,0.8091,0.00,0.470768,down,1,0.470768,0.00,-0.03,-164.6,151.7,-119.4,0.8091,0.00,0.500000,neutral,0,0.462208,0.00,0.25,-458.3,390.5,-7.4
2025-09-28T23:14,0.8097,0.8097,0.00,0.465372,down,1,0.465372,0.00,-0.06,-63.9,62.0,-44.6,0.8097,0.00,0.475511,down,1,0.475511,0.00,-0.01,-122.9,113.3,-113.0,0.8097,0.00,0.500000,neutral,0,0.462413,0.00,0.29,-340.7,290.5,-32.2
2025-09-28T23:29,0.8076,0.8076,0.00,0.472049,down,1,0.472049,0.00,0.11,-61.2,59.8,-11.2,0.8076,0.00,0.485119,down,1,0.485119,0.00,0.08,-119.5,110.3,-57.1,0.8076,0.00,0.500000,neutral,0,0.472149,0.00,0.26,-330.1,281.4,-7.4
2025-09-28T23:44,0.8081,0.8081,0.00,0.472367,down,1,0.472367,0.00,0.17,-58.5,57.3,-40.9,0.8081,0.00,0.484701,down,1,0.484701,0.00,0.10,-115.7,106.8,-99.5,0.8081,0.00,0.500000,neutral,0,0.472145,0.00,0.53,-318.2,271.8,-13.6
2025-09-28T23:59,0.8086,0.8086,0.00,0.470689,down,1,0.470689,0.00,0.22,-57.0,55.9,-43.4,0.8086,0.00,0.484722,down,1,0.484722,0.00,0.09,-114.1,105.3,-89.4,0.8086,0.00,0.500000,neutral,0,0.468503,0.00,0.52,-312.5,266.9,-31.0
2025-09-29T00:14,0.8061,0.8061,0.00,0.483624,down,1,0.483624,0.00,0.39,-56.4,55.2,-21.1,0.8061,0.00,0.499035,neutral,0,0.499035,0.00,0.24,-114.6,104.2,-78.5,0.8061,0.00,0.500000,neutral,0,0.482838,0.00,0.47,-306.6,265.8,-8.7
2025-09-29T00:29,0.8067,0.8067,0.00,0.480485,down,1,0.480485,0.00,0.19,-55.5,53.9,-52.2,0.8067,0.00,0.494601,down,0,0.494601,0.00,0.15,-113.8,103.2,-44.7,0.8067,0.00,0.500000,neutral,0,0.476464,0.00,0.45,-302.9,262.5,-70.9
2025-09-29T00:44,0.8048,0.8048,0.00,0.487522,down,0,0.487522,0.00,0.42,-56.2,55.1,-22.4,0.8048,0.00,0.498739,neutral,0,0.498739,0.00,0.26,-117.1,106.5,-22.4,0.8048,0.00,0.500000,neutral,0,0.482927,0.00,0.47,-310.8,269.4,-3.7
2025-09-29T00:59,0.8051,0.8051,0.00,0.486157,down,0,0.486157,0.00,0.42,-55.9,54.8,-69.8,0.8051,0.00,0.496509,neutral,0,0.496509,0.00,0.27,-117.9,107.2,-2.5,0.8051,0.00,0.500000,neutral,0,0.486089,0.00,0.47,-311.5,270.1,-52.3
2025-09-29T01:14,0.8044,0.8044,0.00,0.497096,neutral,0,0.497096,0.00,0.39,-53.9,52.8,-47.4,0.8044,0.00,0.497437,neutral,0,0.497437,0.00,0.31,-113.8,103.5,-31.1,0.8044,0.00,0.500000,neutral,0,0.485264,0.00,0.48,-302.7,262.4,-10.0
2025-09-29T01:29,0.8025,0.8025,0.00,0.508411,up,0,0.508411,0.00,0.49,-53.9,52.9,6.2,0.8025,0.00,0.504120,neutral,0,0.504120,0.00,0.34,-114.1,103.9,-31.2,0.8025,0.00,0.500000,neutral,0,0.489505,0.00,0.49,-305.5,264.9,-2.5
2025-09-29T01:44,0.803,0.8030,0.00,0.506521,up,0,0.506521,0.00,0.36,-52.9,51.7,-36.2,0.8030,0.00,0.498280,neutral,0,0.498280,0.00,0.29,-112.1,101.9,-3.7,0.8030,0.00,0.500000,neutral,0,0.483328,0.00,0.48,-301.6,261.5,-60.0
2025-09-29T01:59,0.7995,0.7995,0.00,0.514496,up,0,0.514496,0.00,0.58,-54.0,53.3,23.7,0.7995,0.00,0.512461,up,1,0.512461,0.00,0.43,-112.7,102.8,30.0,0.7995,0.00,0.500000,neutral,0,0.500214,0.00,0.53,-305.5,265.0,7.5
2025-09-29T02:14,0.8006,0.8006,0.00,0.510504,up,0,0.510504,0.00,0.49,-55.1,54.1,-10.0,0.8006,0.00,0.505868,up,0,0.505868,0.00,0.39,-115.0,104.8,-37.5,0.8006,0.00,0.500000,neutral,0,0.491681,0.00,0.53,-313.4,271.8,6.2
2025-09-29T02:29,0.803,0.8030,0.00,0.501623,neutral,0,0.501623,0.00,0.22,-56.5,54.9,1.2,0.8030,0.00,0.491038,down,0,0.491038,0.00,0.32,-117.6,107.1,-70.0,0.8030,0.00,0.500000,neutral,0,0.482744,0.00,0.53,-322.4,279.6,-15.0
2025-09-29T02:44,0.8001,0.8001,0.00,0.508601,up,0,0.508601,0.00,0.51,-57.3,56.3,36.2,0.8001,0.00,0.498061,neutral,0,0.498061,0.00,0.42,-120.1,109.5,-25.0,0.8001,0.00,0.500000,neutral,0,0.495716,0.00,0.57,-331.3,287.3,15.0
2025-09-29T02:59,0.8014,0.8014,0.00,0.502271,neutral,0,0.502271,0.00,0.22,-56.7,55.1,43.6,0.8014,0.00,0.486501,down,1,0.486501,0.00,0.33,-118.5,107.9,-23.7,0.8014,0.00,0.500000,neutral,0,0.483799,0.00,0.54,-328.8,285.1,-37.5
2025-09-29T03:14,0.7998,0.7998,0.00,0.506804,up,0,0.506804,0.00,0.40,-55.5,54.3,26.2,0.7998,0.00,0.495212,neutral,0,0.495212,0.00,0.41,-116.5,106.2,-43.9,0.7998,0.00,0.500000,neutral,0,0.495090,0.00,0.56,-325.2,282.1,-18.8
2025-09-29T03:29,0.8031,0.8031,0.00,0.498313,neutral,0,0.498313,0.00,0.21,-54.1,52.6,-38.7,0.8031,0.00,0.480297,down,1,0.480297,0.00,0.28,-113.7,103.4,-80.0,0.8031,0.00,0.500000,neutral,0,0.479295,0.00,0.50,-319.0,276.6,-44.9
2025-09-29T03:44,0.803,0.8030,0.00,0.493465,down,0,0.493465,0.00,0.13,-52.4,50.8,-3.7,0.8030,0.00,0.479141,down,1,0.479141,0.00,0.24,-110.0,100.0,-62.5,0.8030,0.00,0.500000,neutral,0,0.483413,0.00,0.48,-310.6,269.3,-24.9
2025-09-29T03:59,0.8049,0.8049,0.00,0.485879,down,0,0.485879,0.00,0.06,-51.9,50.2,-37.3,0.8049,0.00,0.475458,down,1,0.475458,0.00,0.23,-109.2,99.3,-120.0,0.8049,0.00,0.500000,neutral,0,0.481320,0.00,0.47,-310.2,268.9,-88.6
2025-09-29T04:14,0.8019,0.8019,0.00,0.496256,neutral,0,0.496256,0.00,0.35,-47.5,46.5,-53.8,0.8019,0.00,0.481463,down,1,0.481463,0.00,0.68,-100.2,91.9,-87.7,0.8019,0.00,0.500000,neutral,0,0.500953,0.00,0.50,-287.4,249.3,-67.6
2025-09-29T04:29,0.8,0.8000,0.00,0.499699,neutral,0,0.499699,0.00,0.43,-46.6,45.8,-32.6,0.8000,0.00,0.488915,down,1,0.488915,0.00,0.47,-99.0,90.5,-56.4,0.8000,0.00,0.500000,neutral,0,0.510828,0.00,0.51,-285.2,247.4,-31.3
2025-09-29T04:44,0.8027,0.8027,0.00,0.486660,down,0,0.486660,0.00,-0.11,-48.1,46.2,-57.5,0.8027,0.00,0.479113,down,1,0.479113,0.00,-0.03,-101.6,91.9,-53.7,0.8027,0.00,0.500000,neutral,0,0.491481,0.00,0.48,-293.0,254.1,-51.2
2025-09-29T04:59,0.8019,0.8019,0.00,0.488299,down,0,0.488299,0.00,0.17,-47.2,45.8,-30.0,0.8019,0.00,0.484925,down,1,0.484925,0.00,0.27,-100.2,91.2,-46.2,0.8019,0.00,0.500000,neutral,0,0.498661,0.00,0.48,-291.6,252.8,-57.5
2025-09-29T05:14,0.7976,0.7976,0.00,0.501264,neutral,0,0.501264,0.00,0.30,-51.7,50.4,-16.3,0.7976,0.00,0.499392,neutral,0,0.499392,0.00,0.42,-107.9,98.4,13.8,0.7976,0.00,0.500000,neutral,0,0.514241,0.00,0.57,-316.1,274.2,16.3
2025-09-29T05:29,0.7974,0.7974,0.00,0.500837,neutral,0,0.500837,0.00,0.20,-51.1,49.7,-8.8,0.7974,0.00,0.497483,neutral,0,0.497483,0.00,0.37,-106.8,97.3,68.7,0.7974,0.00,0.500000,neutral,0,0.505986,0.00,0.56,-314.7,273.0,12.5
2025-09-29T05:44,0.7981,0.7981,0.00,0.499822,neutral,0,0.499822,0.00,0.21,-50.4,49.0,-1.3,0.7981,0.00,0.494905,down,0,0.494905,0.00,0.33,-103.4,94.2,58.7,0.7981,0.00,0.500000,neutral,0,0.500080,0.00,0.52,-306.6,265.9,0.0
2025-09-29T05:59,0.7995,0.7995,0.00,0.495703,neutral,0,0.495703,0.00,0.13,-50.7,49.1,-52.7,0.7995,0.00,0.485662,down,1,0.485662,0.00,0.28,-104.1,94.7,23.7,0.7995,0.00,0.500000,neutral,0,0.492286,0.00,0.51,-310.2,269.0,15.0
2025-09-29T06:14,0.7963,0.7963,0.00,0.502928,neutral,0,0.502928,0.00,0.24,-48.0,46.7,-17.6,0.7963,0.00,0.494773,down,0,0.494773,0.00,0.29,-99.0,90.1,35.1,0.7963,0.00,0.500000,neutral,0,0.504576,0.00,0.50,-296.8,257.4,80.1
2025-09-29T06:29,0.7967,0.7967,0.00,0.500490,neutral,0,0.500490,0.00,0.19,-50.1,48.7,-15.1,0.7967,0.00,0.486223,down,1,0.486223,0.00,0.28,-103.4,94.1,31.3,0.7967,0.00,0.500000,neutral,0,0.498440,0.00,0.52,-312.0,270.6,94.9
2025-09-29T06:44,0.798,0.7980,0.00,0.496336,neutral,0,0.496336,0.00,-0.09,-50.5,48.6,5.0,0.7980,0.00,0.490219,down,0,0.490219,0.00,-0.20,-104.5,94.2,0.0,0.7980,0.00,0.500000,neutral,0,0.493834,0.00,0.51,-315.6,273.7,84.9
2025-09-29T06:59,0.7953,0.7953,0.00,0.501884,neutral,0,0.501884,0.00,0.09,-52.2,50.5,36.4,0.7953,0.00,0.500221,neutral,0,0.500221,0.00,0.10,-107.2,97.1,42.7,0.7953,0.00,0.500000,neutral,0,0.513384,0.00,0.56,-323.3,280.4,67.7
2025-09-29T07:14,0.7949,0.7949,0.00,0.497024,neutral,0,0.497024,0.00,0.05,-49.9,48.2,47.7,0.7949,0.00,0.493388,down,0,0.493388,0.00,0.29,-102.3,93.1,53.9,0.7949,0.00,0.500000,neutral,0,0.505604,0.00,0.53,-311.0,269.7,72.7
2025-09-29T07:29,0.7955,0.7955,0.00,0.493670,down,0,0.493670,0.00,-0.07,-49.5,47.6,92.6,0.7955,0.00,0.490126,down,0,0.490126,0.00,-0.18,-101.9,91.8,50.2,0.7955,0.00,0.500000,neutral,0,0.498323,0.00,0.51,-310.3,269.1,45.2
2025-09-29T07:44,0.7984,0.7984,0.00,0.488649,down,0,0.488649,0.00,-0.26,-54.8,52.3,55.0,0.7984,0.00,0.484316,down,1,0.484316,0.00,-0.51,-112.9,101.2,-31.4,0.7984,0.00,0.500000,neutral,0,0.491005,0.00,0.53,-345.1,299.2,-64.1
2025-09-29T07:59,0.7982,0.7982,0.00,0.489767,down,0,0.489767,0.00,-0.30,-53.2,50.8,40.0,0.7982,0.00,0.483727,down,1,0.483727,0.00,-0.38,-109.8,98.7,-55.3,0.7982,0.00,0.500000,neutral,0,0.490575,0.00,0.51,-338.0,293.0,-51.5
2025-09-29T08:14,0.7987,0.7987,0.00,0.486025,down,0,0.486025,0.00,-0.23,-53.3,51.0,5.0,0.7987,0.00,0.478795,down,1,0.478795,0.00,-0.51,-110.5,99.0,-108.3,0.7987,0.00,0.500000,neutral,0,0.486917,0.00,0.43,-341.8,296.1,-65.3
2025-09-29T08:29,0.8029,0.8029,0.00,0.465486,down,1,0.465486,0.00,-0.41,-56.7,53.9,-46.2,0.8029,0.00,0.457297,down,1,0.457297,0.00,-0.22,-114.7,103.4,-112.7,0.8029,0.00,0.500000,neutral,0,0.471905,0.00,0.41,-357.9,310.0,-122.8
2025-09-29T08:44,0.8028,0.8028,0.00,0.462478,down,1,0.462478,0.00,0.07,-52.1,50.4,-60.0,0.8028,0.00,0.460148,down,1,0.460148,0.00,0.17,-104.1,94.5,-98.9,0.8028,0.00,0.500000,neutral,0,0.481491,0.00,0.38,-327.9,284.1,-120.3
2025-09-29T08:59,0.8014,0.8014,0.00,0.477590,down,1,0.477590,0.00,0.12,-52.4,50.8,-33.7,0.8014,0.00,0.466117,down,1,0.466117,0.00,0.27,-104.9,95.4,-84.0,0.8014,0.00,0.500000,neutral,0,0.487045,0.00,0.40,-332.8,288.3,-116.7
2025-09-29T09:14,0.7991,0.7991,0.00,0.483930,down,1,0.483930,0.00,0.30,-51.8,50.5,1.3,0.7991,0.00,0.475000,down,1,0.475000,0.00,0.37,-104.1,94.9,-59.0,0.7991,0.00,0.500000,neutral,0,0.498407,0.00,0.44,-332.6,288.2,-131.0
2025-09-29T09:29,0.7992,0.7992,0.00,0.487850,down,0,0.487850,0.00,0.55,-51.4,50.7,3.8,0.7992,0.00,0.486065,down,1,0.486065,0.00,0.77,-103.7,95.3,-3.8,0.7992,0.00,0.500000,neutral,0,0.499767,0.00,0.46,-334.5,289.9,-93.0
2025-09-29T09:44,0.798,0.7980,0.00,0.496831,neutral,0,0.496831,0.00,0.61,-53.2,52.5,-26.4,0.7980,0.00,0.492373,down,0,0.492373,0.00,0.81,-105.3,96.9,-54.0,0.7980,0.00,0.500000,neutral,0,0.502129,0.00,0.48,-341.9,296.3,-110.9
2025-09-29T09:59,0.7987,0.7987,0.00,0.484527,down,1,0.484527,0.00,0.47,-53.3,52.3,-61.5,0.7987,0.00,0.482570,down,1,0.482570,0.00,0.57,-105.8,96.8,-99.4,0.7987,0.00,0.500000,neutral,0,0.494229,0.00,0.56,-344.5,298.7,-152.7
2025-09-29T10:14,0.7992,0.7992,0.00,0.473343,down,1,0.473343,0.00,0.29,-52.5,51.2,-114.5,0.7992,0.00,0.474802,down,1,0.474802,0.00,0.49,-104.1,95.1,-91.8,0.7992,0.00,0.500000,neutral,0,0.489455,0.00,0.45,-341.0,295.5,-156.4
2025-09-29T10:29,0.7995,0.7995,0.00,0.469908,down,1,0.469908,0.00,0.26,-48.8,47.5,-70.3,0.7995,0.00,0.468235,down,1,0.468235,0.00,0.33,-97.0,88.4,-103.1,0.7995,0.00,0.500000,neutral,0,0.487847,0.00,0.40,-319.3,276.6,-146.2
2025-09-29T10:44,0.7959,0.7959,0.00,0.494642,down,0,0.494642,0.00,0.43,-50.0,49.1,-12.6,0.7959,0.00,0.489152,down,1,0.489152,0.00,0.47,-100.0,91.4,70.1,0.7959,0.00,0.500000,neutral,0,0.511731,0.00,0.55,-331.4,287.3,-84.5
2025-09-29T10:59,0.7938,0.7938,0.00,0.500267,neutral,0,0.500267,0.00,0.53,-51.1,50.3,11.3,0.7938,0.00,0.493306,down,0,0.493306,0.00,0.67,-100.3,92.0,161.2,0.7938,0.00,0.500000,neutral,0,0.519577,0.00,0.57,-335.0,290.5,-67.0
2025-09-29T11:14,0.7901,0.7901,0.00,0.504084,neutral,0,0.504084,0.00,0.61,-54.8,54.0,54.3,0.7901,0.00,0.489445,down,0,0.489445,0.00,0.50,-105.8,96.7,256.2,0.7901,0.00,0.500000,neutral,0,0.524489,0.00,0.59,-354.9,307.8,-50.8
2025-09-29T11:29,0.7939,0.7939,0.00,0.494761,down,0,0.494761,0.00,0.24,-57.5,55.9,62.8,0.7939,0.00,0.480241,down,1,0.480241,0.00,0.58,-108.2,99.0,202.0,0.7939,0.00,0.500000,neutral,0,0.503856,0.00,0.57,-365.5,316.9,-73.3
2025-09-29T11:44,0.7949,0.7949,0.00,0.491639,down,0,0.491639,0.00,0.28,-55.0,53.6,-15.1,0.7949,0.00,0.477645,down,1,0.477645,0.00,0.62,-103.8,95.1,199.3,0.7949,0.00,0.500000,neutral,0,0.500593,0.00,0.54,-353.0,306.0,-49.2
2025-09-29T11:59,0.7947,0.7947,0.00,0.490180,down,0,0.490180,0.00,0.35,-53.6,52.3,-49.2,0.7947,0.00,0.477618,down,1,0.477618,0.00,0.56,-101.5,92.9,222.7,0.7947,0.00,0.500000,neutral,0,0.503859,0.00,0.53,-346.9,300.7,-45.4
2025-09-29T12:14,0.7944,0.7944,0.00,0.485060,down,0,0.485060,0.00,0.22,-51.4,50.0,-31.5,0.7944,0.00,0.472619,down,1,0.472619,0.00,0.68,-95.3,87.5,156.1,0.7944,0.00,0.500000,neutral,0,0.501338,0.00,0.51,-328.1,284.5,-75.8
2025-09-29T12:29,0.7989,0.7989,0.00,0.474041,down,1,0.474041,0.00,0.04,-53.3,51.5,-95.6,0.7989,0.00,0.458221,down,1,0.458221,0.00,0.24,-97.1,88.3,53.7,0.7989,0.00,0.500000,neutral,0,0.477675,0.00,0.39,-335.1,290.3,-104.4
2025-09-29T12:44,0.7937,0.7937,0.00,0.494139,down,0,0.494139,0.00,0.51,-57.4,56.4,97.8,0.7937,0.00,0.487306,down,1,0.487306,0.00,0.69,-105.3,96.6,124.0,0.7937,0.00,0.500000,neutral,0,0.512552,0.00,0.57,-366.7,317.9,-13.9
2025-09-29T12:59,0.7908,0.7908,0.00,0.501469,neutral,0,0.501469,0.00,0.59,-62.6,61.6,199.1,0.7908,0.00,0.497052,neutral,0,0.497052,0.00,0.84,-115.1,105.7,141.9,0.7908,0.00,0.500000,neutral,0,0.517849,0.00,0.62,-403.5,349.8,-16.5
2025-09-29T13:14,0.7919,0.7919,0.00,0.497735,neutral,0,0.497735,0.00,0.49,-63.7,62.4,233.4,0.7919,0.00,0.489626,down,0,0.489626,0.00,0.95,-116.9,107.6,152.9,0.7919,0.00,0.500000,neutral,0,0.507171,0.00,0.63,-412.8,357.9,-35.4
2025-09-29T13:29,0.7913,0.7913,0.00,0.503967,neutral,0,0.503967,0.00,0.83,-63.2,62.6,234.8,0.7913,0.00,0.495483,neutral,0,0.495483,0.00,1.03,-115.7,106.6,139.3,0.7913,0.00,0.500000,neutral,0,0.522981,0.00,0.63,-405.1,351.2,2.5
2025-09-29T13:44,0.8015,0.8015,0.00,0.473227,down,1,0.473227,0.00,0.39,-71.8,70.0,116.6,0.8015,0.00,0.463672,down,1,0.463672,0.00,0.84,-128.3,117.7,2.5,0.8015,0.00,0.500000,neutral,0,0.483790,0.00,0.62,-451.2,391.0,-97.8
2025-09-29T13:59,0.8067,0.8067,0.00,0.457716,down,1,0.457716,0.00,-0.04,-85.0,81.9,72.9,0.8067,0.00,0.466990,down,1,0.466990,0.00,0.34,-150.6,136.9,-102.2,0.8067,0.00,0.500000,neutral,0,0.474120,0.00,0.69,-525.0,454.9,-194.0
2025-09-29T14:14,0.8106,0.8106,0.00,0.457419,down,1,0.457419,0.00,-0.19,-89.6,86.0,-45.7,0.8106,0.00,0.454750,down,1,0.454750,0.00,0.22,-157.3,142.7,-145.4,0.8106,0.00,0.500000,neutral,0,0.471415,0.00,0.67,-545.8,472.9,-253.6
2025-09-29T14:29,0.8101,0.8101,0.00,0.461376,down,1,0.461376,0.00,0.04,-99.6,96.2,-85.5,0.8101,0.00,0.466642,down,1,0.466642,0.00,0.44,-173.7,158.0,-146.7,0.8101,0.00,0.500000,neutral,0,0.480245,0.00,0.80,-601.1,520.9,-271.5
2025-09-29T14:44,0.8109,0.8109,0.00,0.470307,down,1,0.470307,0.00,0.29,-93.8,91.0,-90.4,0.8109,0.00,0.468370,down,1,0.468370,0.00,0.47,-162.6,148.0,-144.1,0.8109,0.00,0.500000,neutral,0,0.484250,0.00,0.72,-560.6,485.7,-290.3
2025-09-29T14:59,0.8126,0.8126,0.00,0.470426,down,1,0.470426,0.00,0.16,-83.4,80.8,-130.1,0.8126,0.00,0.465040,down,1,0.465040,0.00,0.37,-146.3,133.1,-151.3,0.8126,0.00,0.500000,neutral,0,0.478808,0.00,0.50,-502.3,435.0,-263.1
2025-09-29T15:14,0.8069,0.8069,0.00,0.489635,down,0,0.489635,0.00,0.84,-89.1,87.6,-34.8,0.8069,0.00,0.485680,down,1,0.485680,0.00,0.64,-159.1,145.1,-129.7,0.8069,0.00,0.500000,neutral,0,0.502401,0.00,0.73,-544.6,471.9,-293.0
2025-09-29T15:29,0.8032,0.8032,0.00,0.503342,neutral,0,0.503342,0.00,0.88,-82.7,81.5,-10.0,0.8032,0.00,0.495082,neutral,0,0.495082,0.00,1.14,-147.6,135.7,-73.7,0.8032,0.00,0.500000,neutral,0,0.506937,0.00,0.71,-510.2,442.2,-282.8
2025-09-29T15:44,0.8036,0.8036,0.00,0.497467,neutral,0,0.497467,0.00,0.83,-82.9,81.6,-23.7,0.8036,0.00,0.494161,down,0,0.494161,0.00,1.12,-149.7,137.6,-67.4,0.8036,0.00,0.500000,neutral,0,0.503773,0.00,0.71,-515.5,446.7,-273.7
2025-09-29T15:59,0.8021,0.8021,0.00,0.500863,neutral,0,0.500863,0.00,1.01,-82.6,81.6,-45.0,0.8021,0.00,0.503984,neutral,0,0.503984,0.00,1.16,-148.2,136.3,-40.0,0.8021,0.00,0.500000,neutral,0,0.506568,0.00,0.71,-508.2,440.5,-235.9
2025-09-29T16:14,0.8041,0.8041,0.00,0.506240,up,0,0.506240,0.00,0.74,-74.0,72.8,-64.9,0.8041,0.00,0.502393,neutral,0,0.502393,0.00,1.01,-134.1,123.2,-29.9,0.8041,0.00,0.500000,neutral,0,0.497521,0.00,0.61,-455.6,394.8,-297.9
2025-09-29T16:29,0.8024,0.8024,0.00,0.504008,neutral,0,0.504008,0.00,0.72,-71.6,70.4,-51.2,0.8024,0.00,0.502406,neutral,0,0.502406,0.00,0.98,-131.3,120.7,-13.7,0.8024,0.00,0.500000,neutral,0,0.503327,0.00,0.61,-442.2,383.2,-232.0
2025-09-29T16:44,0.8017,0.8017,0.00,0.514558,up,0,0.514558,0.00,0.56,-71.7,70.2,-30.0,0.8017,0.00,0.510078,up,0,0.510078,0.00,0.70,-131.8,120.5,19.9,0.8017,0.00,0.500000,neutral,0,0.502883,0.00,0.61,-443.2,384.1,-251.4
2025-09-29T16:59,0.7985,0.7985,0.00,0.518332,up,1,0.518332,0.00,0.67,-72.9,71.6,23.8,0.7985,0.00,0.513607,up,1,0.513607,0.00,0.80,-134.3,123.0,76.1,0.7985,0.00,0.500000,neutral,0,0.513218,0.00,0.64,-452.3,392.0,-189.6
2025-09-29T17:14,0.7989,0.7989,0.00,0.524762,up,1,0.524762,0.00,0.71,-74.6,73.4,-30.1,0.7989,0.00,0.511791,up,1,0.511791,0.00,0.60,-138.1,126.1,113.3,0.7989,0.00,0.500000,neutral,0,0.508696,0.00,0.58,-465.0,402.8,-179.3
2025-09-29T17:29,0.7983,0.7983,0.00,0.524508,up,1,0.524508,0.00,0.85,-75.0,74.0,-12.5,0.7983,0.00,0.511796,up,1,0.511796,0.00,1.16,-138.7,127.7,122.0,0.7983,0.00,0.500000,neutral,0,0.513655,0.00,0.69,-469.2,406.7,-166.7
2025-09-29T17:44,0.7993,0.7993,0.00,0.523231,up,1,0.523231,0.00,0.81,-75.5,74.4,-13.8,0.7993,0.00,0.506094,up,0,0.506094,0.00,1.13,-139.9,128.7,163.8,0.7993,0.00,0.500000,neutral,0,0.510428,0.00,0.62,-473.8,410.5,-162.7
2025-09-29T17:59,0.8004,0.8004,0.00,0.513794,up,0,0.513794,0.00,0.73,-73.6,72.4,-18.8,0.8004,0.00,0.504487,neutral,0,0.504487,0.00,1.20,-137.9,127.0,162.3,0.8004,0.00,0.500000,neutral,0,0.507965,0.00,0.60,-463.0,401.2,-205.8
2025-09-29T18:14,0.7965,0.7965,0.00,0.526906,up,1,0.526906,0.00,0.87,-72.8,71.9,65.1,0.7965,0.00,0.511141,up,0,0.511141,0.00,1.31,-136.7,126.2,195.2,0.7965,0.00,0.500000,neutral,0,0.523144,0.00,0.55,-459.9,398.4,-123.8
2025-09-29T18:29,0.7973,0.7973,0.00,0.520506,up,1,0.520506,0.00,0.80,-70.5,69.6,50.0,0.7973,0.00,0.508108,up,0,0.508108,0.00,1.31,-132.7,122.5,206.1,0.7973,0.00,0.500000,neutral,0,0.517127,0.00,0.60,-446.9,387.3,-114.8
2025-09-29T18:44,0.7982,0.7982,0.00,0.523717,up,1,0.523717,0.00,0.74,-67.8,66.8,63.7,0.7982,0.00,0.509848,up,0,0.509848,0.00,1.28,-127.7,118.0,187.4,0.7982,0.00,0.500000,neutral,0,0.510155,0.00,0.59,-430.7,373.2,-124.8
2025-09-29T18:59,0.7989,0.7989,0.00,0.525139,up,1,0.525139,0.00,0.56,-67.3,66.0,71.1,0.7989,0.00,0.513304,up,1,0.513304,0.00,1.00,-127.0,116.8,151.6,0.7989,0.00,0.500000,neutral,0,0.508156,0.00,0.51,-428.0,370.8,-109.5
2025-09-29T19:14,0.8017,0.8017,0.00,0.514313,up,0,0.514313,0.00,0.38,-66.9,65.2,78.3,0.8017,0.00,0.504161,neutral,0,0.504161,0.00,0.70,-126.4,115.7,99.3,0.8017,0.00,0.500000,neutral,0,0.495798,0.00,0.57,-425.2,368.5,-139.4
2025-09-29T19:29,0.8013,0.8013,0.00,0.512703,up,0,0.512703,0.00,0.40,-67.2,65.6,84.5,0.8013,0.00,0.506780,up,0,0.506780,0.00,0.71,-127.2,116.4,100.6,0.8013,0.00,0.500000,neutral,0,0.501701,0.00,0.67,-428.2,371.3,-109.2
2025-09-29T19:44,0.8033,0.8033,0.00,0.505015,up,0,0.505015,0.00,0.36,-68.1,66.4,113.9,0.8033,0.00,0.499816,neutral,0,0.499816,0.00,0.75,-129.2,118.3,55.9,0.8033,0.00,0.500000,neutral,0,0.498436,0.00,0.59,-435.6,377.5,-72.5
2025-09-29T19:59,0.8046,0.8046,0.00,0.502826,neutral,0,0.502826,0.00,0.62,-67.2,66.0,110.0,0.8046,0.00,0.499027,neutral,0,0.499027,0.00,1.18,-125.2,115.5,48.4,0.8046,0.00,0.500000,neutral,0,0.500831,0.00,0.57,-424.1,367.5,-44.8
2025-09-29T20:14,0.808,0.8080,0.00,0.491670,down,0,0.491670,0.00,0.48,-67.4,66.0,51.8,0.8080,0.00,0.490119,down,0,0.490119,0.00,1.08,-123.2,113.5,-11.1,0.8080,0.00,0.500000,neutral,0,0.488543,0.00,0.48,-417.5,361.6,-95.8
2025-09-29T20:29,0.8081,0.8081,0.00,0.491923,down,0,0.491923,-0.00,0.41,-68.2,66.6,71.5,0.8081,0.00,0.493738,down,0,0.493738,0.00,0.84,-122.4,112.4,-13.6,0.8081,0.00,0.500000,neutral,0,0.491119,0.00,0.52,-414.6,359.2,-54.6
2025-09-29T20:44,0.8125,0.8125,0.00,0.481179,down,1,0.481179,-0.02,-0.04,-69.9,67.4,9.8,0.8125,0.00,0.487985,down,1,0.487985,0.00,0.47,-124.1,113.2,-67.9,0.8125,0.00,0.500000,neutral,0,0.478626,0.00,0.45,-415.3,359.7,-115.1
2025-09-29T20:59,0.8135,0.8135,0.00,0.478003,down,1,0.478003,-0.02,-0.02,-70.5,67.9,-29.5,0.8135,0.00,0.484638,down,1,0.484638,0.00,0.46,-124.2,113.2,-91.4,0.8135,0.00,0.500000,neutral,0,0.479105,0.00,0.43,-411.8,356.6,-57.9
2025-09-29T21:14,0.8122,0.8122,0.00,0.488164,down,0,0.488164,-0.01,0.04,-67.0,64.7,-30.8,0.8122,0.00,0.497622,neutral,0,0.497622,0.00,0.35,-119.7,109.0,-84.1,0.8122,0.00,0.500000,neutral,0,0.481487,0.00,0.40,-393.1,340.4,-22.2
2025-09-29T21:29,0.8139,0.8139,0.00,0.480408,down,1,0.480408,-0.01,-0.01,-65.5,63.1,-55.4,0.8139,0.00,0.493376,down,0,0.493376,0.00,0.29,-116.0,105.5,-159.8,0.8139,0.00,0.500000,neutral,0,0.473112,0.00,0.36,-377.4,326.7,-44.3
2025-09-29T21:44,0.8133,0.8133,0.00,0.483609,down,1,0.483609,-0.00,0.14,-62.4,60.4,-67.9,0.8133,0.00,0.499832,neutral,0,0.499832,0.00,0.32,-112.0,102.0,-108.8,0.8133,0.00,0.500000,neutral,0,0.478938,0.00,0.35,-361.3,312.8,-56.7
2025-09-29T21:59,0.8111,0.8111,0.00,0.500467,neutral,0,0.500467,0.00,0.45,-66.4,64.9,-32.1,0.8111,0.00,0.510164,up,0,0.510164,0.00,0.53,-121.1,110.5,-126.6,0.8111,0.00,0.500000,neutral,0,0.484356,0.00,0.42,-387.5,335.6,-80.5
2025-09-29T22:14,0.8097,0.8097,0.00,0.507177,up,0,0.507177,0.01,0.36,-65.3,63.6,-32.2,0.8097,0.00,0.509840,up,0,0.509840,0.00,0.58,-119.0,108.8,-75.6,0.8097,0.00,0.500000,neutral,0,0.490424,0.00,0.33,-381.6,330.3,-23.5
2025-09-29T22:29,0.8094,0.8094,0.00,0.508083,up,0,0.508083,0.01,0.39,-64.2,62.7,-29.7,0.8094,0.00,0.514607,up,1,0.514607,0.00,0.58,-117.3,107.3,-88.1,0.8094,0.00,0.500000,neutral,0,0.493459,0.00,0.33,-376.6,326.1,-32.2
2025-09-29T22:44,0.8078,0.8078,0.00,0.514057,up,0,0.514057,0.03,0.44,-65.2,63.8,-9.9,0.8078,0.00,0.516540,up,1,0.516540,0.00,0.63,-117.2,107.2,-119.6,0.8078,0.00,0.500000,neutral,0,0.502489,0.00,0.35,-376.5,326.0,-40.9
2025-09-29T22:59,0.8085,0.8085,0.00,0.511276,up,0,0.511276,0.03,0.44,-60.6,59.3,-29.7,0.8085,0.00,0.516440,up,1,0.516440,0.00,0.60,-109.1,99.9,-104.4,0.8085,0.00,0.500000,neutral,0,0.498826,0.00,0.32,-351.0,303.9,-83.2
2025-09-29T23:14,0.8071,0.8071,0.00,0.522956,up,1,0.522956,0.05,0.50,-60.2,59.1,-21.1,0.8071,0.00,0.519838,up,1,0.519838,0.00,0.66,-108.7,99.6,-74.6,0.8071,0.00,0.500000,neutral,0,0.508751,0.00,0.34,-350.4,303.4,-50.9
2025-09-29T23:29,0.807,0.8070,0.00,0.518271,up,1,0.518271,0.04,0.47,-60.0,58.8,-74.6,0.8070,0.00,0.516330,up,1,0.516330,0.00,0.63,-108.5,99.4,-64.6,0.8070,0.00,0.500000,neutral,0,0.505188,0.00,0.33,-350.0,303.1,-31.0
2025-09-29T23:44,0.807,0.8070,0.00,0.519982,up,1,0.519982,0.04,0.27,-58.5,57.0,-31.0,0.8070,0.00,0.516331,up,1,0.516331,0.00,0.59,-105.7,96.7,-70.9,0.8070,0.00,0.500000,neutral,0,0.502722,0.00,0.33,-341.1,295.3,-9.9
2025-09-29T23:59,0.8061,0.8061,0.00,0.524133,up,1,0.524133,0.04,0.41,-57.5,56.2,-64.7,0.8061,0.00,0.520000,up,1,0.520000,0.00,0.62,-104.3,95.5,-96.0,0.8061,0.00,0.500000,neutral,0,0.510040,0.00,0.33,-336.9,291.7,13.6
2025-09-30T00:14,0.8054,0.8054,0.00,0.523356,up,1,0.523356,0.03,0.47,-56.2,57.0,-22.4,0.8054,0.00,0.528335,up,1,0.528335,0.01,0.59,-102.8,100.5,-88.5,0.8054,0.00,0.500000,neutral,0,0.501836,0.00,0.54,-351.2,314.8,37.2
2025-09-30T00:29,0.801,0.8010,0.00,0.531511,up,1,0.531511,0.01,0.65,-65.1,66.3,16.2,0.8010,0.00,0.535636,up,1,0.535636,0.04,0.67,-118.5,115.8,-18.7,0.8010,0.00,0.500000,neutral,0,0.520045,0.00,0.68,-400.9,359.5,34.9
2025-09-30T00:44,0.8045,0.8045,0.00,0.517879,up,1,0.517879,0.00,0.56,-67.1,68.1,-78.6,0.8045,0.00,0.520360,up,1,0.520360,0.02,0.77,-122.0,119.4,-43.6,0.8045,0.00,0.500000,neutral,0,0.506332,0.00,0.67,-413.6,370.8,-31.1
2025-09-30T00:59,0.8009,0.8009,0.00,0.527299,up,1,0.527299,0.00,0.79,-71.8,73.3,-10.0,0.8009,0.00,0.531363,up,1,0.531363,0.01,0.87,-129.8,127.2,-38.8,0.8009,0.00,0.500000,neutral,0,0.523924,0.00,0.75,-436.4,391.3,77.1
2025-09-30T01:14,0.8036,0.8036,0.00,0.515033,up,0,0.515033,0.00,0.71,-73.6,74.9,-31.2,0.8036,0.00,0.513063,up,1,0.513063,0.00,0.85,-133.3,130.5,-88.7,0.8036,0.00,0.500000,neutral,0,0.510369,0.00,0.74,-448.3,401.9,55.8
2025-09-30T01:29,0.8023,0.8023,0.00,0.515846,up,1,0.515846,0.00,0.67,-70.8,72.0,-6.2,0.8023,0.00,0.516139,up,1,0.516139,0.00,0.86,-128.3,125.7,-60.0,0.8023,0.00,0.500000,neutral,0,0.514256,0.00,0.74,-432.1,387.4,47.3
2025-09-30T01:44,0.7982,0.7982,0.00,0.523710,up,1,0.523710,0.00,0.85,-80.1,81.6,38.8,0.7982,0.00,0.524286,up,1,0.524286,0.00,1.29,-143.9,141.6,5.0,0.7982,0.00,0.500000,neutral,0,0.528428,0.00,0.91,-481.1,431.6,138.1
2025-09-30T01:59,0.8001,0.8001,0.00,0.518708,up,1,0.518708,0.00,0.74,-78.9,80.2,-21.3,0.8001,0.00,0.512317,up,1,0.512317,0.00,0.99,-142.1,139.2,-35.1,0.8001,0.00,0.500000,neutral,0,0.513093,0.00,0.82,-474.8,425.8,136.5
2025-09-30T02:14,0.8011,0.8011,0.00,0.517259,up,1,0.517259,0.00,0.75,-76.2,77.5,-35.0,0.8011,0.00,0.516322,up,1,0.516322,0.00,1.22,-137.3,135.1,-27.5,0.8011,0.00,0.500000,neutral,0,0.513087,0.00,0.78,-460.1,412.6,93.2
2025-09-30T02:29,0.8018,0.8018,0.00,0.516475,up,1,0.516475,0.00,0.70,-73.3,74.6,-28.7,0.8018,0.00,0.513756,up,1,0.513756,0.00,1.17,-132.4,130.2,-42.5,0.8018,0.00,0.500000,neutral,0,0.511399,0.00,0.75,-444.1,398.2,80.7
2025-09-30T02:44,0.8013,0.8013,0.00,0.509961,up,0,0.509961,0.00,0.53,-64.1,65.0,-3.7,0.8013,0.00,0.506847,up,0,0.506847,0.00,1.01,-115.8,113.8,-40.0,0.8013,0.00,0.500000,neutral,0,0.514807,0.00,0.66,-388.7,348.5,54.8
2025-09-30T02:59,0.7984,0.7984,0.00,0.530379,up,1,0.530379,0.00,0.64,-64.3,65.5,-7.5,0.7984,0.00,0.514364,up,1,0.514364,0.00,1.10,-116.6,114.8,28.8,0.7984,0.00,0.500000,neutral,0,0.531345,0.00,0.71,-392.1,351.7,87.3
2025-09-30T03:14,0.7983,0.7983,0.00,0.520270,up,1,0.520270,0.00,0.65,-65.4,66.6,-22.6,0.7983,0.00,0.512167,up,1,0.512167,0.00,1.11,-118.7,116.9,55.0,0.7983,0.00,0.500000,neutral,0,0.528650,0.00,0.72,-399.6,358.4,68.7
2025-09-30T03:29,0.7995,0.7995,0.00,0.510529,up,0,0.510529,0.00,0.62,-66.7,67.8,-25.0,0.7995,0.00,0.514411,up,1,0.514411,0.00,1.11,-121.4,119.5,59.9,0.7995,0.00,0.500000,neutral,0,0.523573,0.00,0.78,-408.8,366.7,35.0
2025-09-30T03:44,0.801,0.8010,0.00,0.511181,up,0,0.511181,0.00,0.62,-67.1,68.2,-30.0,0.8010,0.00,0.511853,up,1,0.511853,0.00,1.10,-122.3,120.4,47.3,0.8010,0.00,0.500000,neutral,0,0.518124,0.00,0.76,-412.4,370.0,-12.5
2025-09-30T03:59,0.7978,0.7978,0.00,0.515901,up,1,0.515901,0.00,0.64,-65.3,66.5,-6.3,0.7978,0.00,0.519406,up,1,0.519406,0.00,1.11,-119.3,117.5,36.3,0.7978,0.00,0.500000,neutral,0,0.531259,0.00,0.76,-402.8,361.4,3.8
2025-09-30T04:14,0.7965,0.7965,0.00,0.521098,up,1,0.521098,0.00,0.61,-63.0,64.1,30.1,0.7965,0.00,0.520382,up,1,0.520382,0.00,1.08,-115.3,113.5,52.6,0.7965,0.00,0.500000,neutral,0,0.533398,0.00,0.73,-389.6,349.5,63.8
2025-09-30T04:29,0.7975,0.7975,0.00,0.518526,up,1,0.518526,0.00,0.55,-60.6,61.6,11.3,0.7975,0.00,0.518177,up,1,0.518177,0.00,1.01,-111.1,109.4,20.0,0.7975,0.00,0.500000,neutral,0,0.524785,0.00,0.70,-375.8,337.1,97.3
2025-09-30T04:44,0.7986,0.7986,0.00,0.512400,up,0,0.512400,0.00,0.55,-60.4,61.4,-6.3,0.7986,0.00,0.517042,up,1,0.517042,0.00,1.00,-111.0,109.2,-66.6,0.7986,0.00,0.500000,neutral,0,0.522919,0.00,0.68,-375.8,337.0,52.5
2025-09-30T04:59,0.7973,0.7973,0.00,0.516721,up,1,0.516721,0.00,0.52,-59.4,60.4,42.6,0.7973,0.00,0.518527,up,1,0.518527,0.00,0.96,-109.4,107.6,-40.2,0.7973,0.00,0.500000,neutral,0,0.526941,0.00,0.66,-370.7,332.4,42.6
2025-09-30T05:14,0.7989,0.7989,0.00,0.509302,up,0,0.509302,0.00,0.45,-59.2,60.0,47.5,0.7989,0.00,0.512065,up,1,0.512065,0.00,0.82,-109.3,107.2,-67.8,0.7989,0.00,0.500000,neutral,0,0.510680,0.00,0.59,-370.1,331.8,66.1
2025-09-30T05:29,0.7984,0.7984,0.00,0.509318,up,0,0.509318,0.00,0.50,-61.6,62.5,73.6,0.7984,0.00,0.514868,up,1,0.514868,0.00,0.84,-113.9,111.7,-66.6,0.7984,0.00,0.500000,neutral,0,0.513357,0.00,0.62,-386.1,346.1,58.7
2025-09-30T05:44,0.7981,0.7981,0.00,0.512671,up,0,0.512671,0.00,0.49,-60.4,61.3,83.6,0.7981,0.00,0.517707,up,1,0.517707,0.00,0.86,-111.9,109.8,-61.6,0.7981,0.00,0.500000,neutral,0,0.516477,0.00,0.65,-379.8,340.6,86.1
2025-09-30T05:59,0.8007,0.8007,0.00,0.504466,neutral,0,0.504466,0.00,0.15,-63.5,63.7,0.0,0.8007,0.00,0.505695,up,0,0.505695,0.00,0.21,-117.9,114.3,-108.0,0.8007,0.00,0.500000,neutral,0,0.502276,0.00,0.42,-398.5,356.8,34.9
2025-09-30T06:14,0.8027,0.8027,0.00,0.495770,neutral,0,0.495770,0.00,0.10,-67.7,67.8,-24.9,0.8027,0.00,0.499397,neutral,0,0.499397,0.00,0.10,-126.0,122.0,-176.0,0.8027,0.00,0.500000,neutral,0,0.505210,0.00,0.41,-425.9,381.4,14.9
2025-09-30T06:29,0.8043,0.8043,0.00,0.491978,down,0,0.491978,0.00,0.05,-67.8,67.8,-64.9,0.8043,0.00,0.495308,neutral,0,0.495308,0.00,0.15,-123.8,119.9,-156.6,0.8043,0.00,0.500000,neutral,0,0.498865,0.00,0.26,-419.1,374.9,-22.4
2025-09-30T06:44,0.8048,0.8048,0.00,0.494189,down,0,0.494189,0.00,-0.04,-69.4,69.2,-143.9,0.8048,0.00,0.497856,neutral,0,0.497856,0.00,-0.03,-124.4,120.2,-195.7,0.8048,0.00,0.500000,neutral,0,0.496627,0.00,0.26,-421.2,376.9,-21.1
2025-09-30T06:59,0.8007,0.8007,0.00,0.510310,up,0,0.510310,0.00,0.23,-67.5,67.9,-82.8,0.8007,0.00,0.510801,up,0,0.510801,0.00,0.08,-121.7,117.7,-177.7,0.8007,0.00,0.500000,neutral,0,0.517095,0.00,0.31,-412.5,369.2,-20.0
2025-09-30T07:14,0.8007,0.8007,0.00,0.508178,up,0,0.508178,0.00,0.23,-63.6,64.0,-90.3,0.8007,0.00,0.510213,up,0,0.510213,0.00,0.17,-114.8,111.3,-175.1,0.8007,0.00,0.500000,neutral,0,0.512829,0.00,0.40,-389.9,349.2,15.0
2025-09-30T07:29,0.7991,0.7991,0.00,0.519642,up,1,0.519642,0.00,0.31,-61.5,62.0,-75.4,0.7991,0.00,0.516245,up,1,0.516245,0.00,0.22,-111.3,108.0,-141.1,0.7991,0.00,0.500000,neutral,0,0.522750,0.00,0.41,-378.6,339.1,67.3
2025-09-30T07:44,0.7933,0.7933,0.00,0.531885,up,1,0.531885,0.00,0.55,-65.2,66.1,-1.3,0.7933,0.00,0.531693,up,1,0.531693,0.00,0.39,-116.0,112.9,-51.8,0.7933,0.00,0.500000,neutral,0,0.541838,0.00,0.92,-395.1,354.8,155.1
2025-09-30T07:59,0.7941,0.7941,0.00,0.518521,up,1,0.518521,0.00,0.41,-65.3,66.0,-25.2,0.7941,0.00,0.516450,up,1,0.516450,0.00,0.42,-114.0,111.0,-70.8,0.7941,0.00,0.500000,neutral,0,0.531806,0.00,0.92,-388.6,348.9,132.6
2025-09-30T08:14,0.7935,0.7935,0.00,0.520181,up,1,0.520181,0.00,0.49,-65.7,66.5,-60.7,0.7935,0.00,0.518563,up,1,0.518563,0.00,0.45,-112.6,109.7,-93.7,0.7935,0.00,0.500000,neutral,0,0.536084,0.00,0.92,-384.5,345.3,143.9
2025-09-30T08:29,0.7931,0.7931,0.00,0.520014,up,1,0.520014,0.00,0.48,-65.7,66.6,-16.4,0.7931,0.00,0.517770,up,1,0.517770,0.00,0.53,-110.6,107.9,-63.2,0.7931,0.00,0.500000,neutral,0,0.535861,0.00,1.01,-378.2,339.8,208.4
2025-09-30T08:44,0.7932,0.7932,0.00,0.509786,up,0,0.509786,0.00,0.23,-61.6,62.0,-50.6,0.7932,0.00,0.507373,up,0,0.507373,0.00,0.37,-103.6,100.9,-27.8,0.7932,0.00,0.500000,neutral,0,0.529159,0.00,0.89,-354.3,318.3,400.3
2025-09-30T08:59,0.7921,0.7921,0.00,0.516802,up,1,0.516802,0.00,0.32,-60.1,60.6,-69.7,0.7921,0.00,0.512890,up,1,0.512890,0.00,0.38,-101.4,98.8,-12.6,0.7921,0.00,0.500000,neutral,0,0.537972,0.00,0.91,-347.1,311.8,455.3
2025-09-30T09:14,0.7887,0.7887,0.00,0.525199,up,1,0.525199,0.00,0.45,-61.2,62.0,-24.1,0.7887,0.00,0.518312,up,1,0.518312,0.00,0.43,-104.7,102.0,-3.8,0.7887,0.00,0.500000,neutral,0,0.544393,0.00,1.10,-355.0,319.3,535.7
2025-09-30T09:29,0.7918,0.7918,0.00,0.509526,up,0,0.509526,0.00,0.22,-62.6,62.9,-49.4,0.7918,0.00,0.505992,up,0,0.505992,0.00,0.38,-108.0,105.1,-15.2,0.7918,0.00,0.500000,neutral,0,0.526721,0.00,0.83,-363.1,326.0,512.0
2025-09-30T09:44,0.7892,0.7892,0.00,0.518115,up,1,0.518115,0.00,0.38,-64.1,64.8,0.0,0.7892,0.00,0.513292,up,1,0.513292,0.00,0.41,-112.3,109.4,43.0,0.7892,0.00,0.500000,neutral,0,0.537946,0.00,0.88,-374.2,336.0,549.7
2025-09-30T09:59,0.7866,0.7866,0.00,0.519234,up,1,0.519234,0.00,0.32,-68.1,68.6,24.1,0.7866,0.00,0.516044,up,1,0.516044,0.00,0.17,-118.4,114.7,36.8,0.7866,0.00,0.500000,neutral,0,0.535654,0.00,1.19,-389.8,350.5,580.3
2025-09-30T10:14,0.7868,0.7868,0.00,0.514942,up,1,0.514942,0.00,0.17,-67.0,67.3,-8.9,0.7868,0.00,0.511042,up,0,0.511042,0.00,0.08,-117.8,114.0,29.2,0.7868,0.00,0.500000,neutral,0,0.532200,0.00,0.75,-384.6,345.0,530.9
2025-09-30T10:29,0.7879,0.7879,0.00,0.514780,up,1,0.514780,0.00,0.28,-65.5,65.9,2.5,0.7879,0.00,0.508569,up,0,0.508569,0.00,0.08,-116.6,112.9,45.6,0.7879,0.00,0.500000,neutral,0,0.529075,0.00,0.83,-377.2,338.6,547.0
2025-09-30T10:44,0.7892,0.7892,0.00,0.503919,neutral,0,0.503919,0.00,0.15,-63.2,63.3,22.8,0.7892,0.00,0.503476,neutral,0,0.503476,0.00,0.31,-112.3,109.1,56.9,0.7892,0.00,0.500000,neutral,0,0.523017,0.00,0.87,-364.2,327.1,538.9
2025-09-30T10:59,0.7885,0.7885,0.00,0.504978,neutral,0,0.504978,0.00,0.14,-60.0,60.2,32.9,0.7885,0.00,0.502200,neutral,0,0.502200,0.00,0.32,-106.9,103.9,34.2,0.7885,0.00,0.500000,neutral,0,0.526172,0.00,0.86,-347.0,311.7,525.0
2025-09-30T11:14,0.7861,0.7861,0.00,0.516590,up,1,0.516590,0.00,0.40,-59.7,60.4,29.2,0.7861,0.00,0.511359,up,0,0.511359,0.00,0.58,-106.7,104.2,53.3,0.7861,0.00,0.500000,neutral,0,0.537975,0.00,0.76,-347.7,312.1,632.2
2025-09-30T11:29,0.7881,0.7881,0.00,0.511038,up,0,0.511038,0.00,0.29,-59.6,60.1,31.7,0.7881,0.00,0.505368,up,0,0.505368,0.00,0.54,-106.7,104.2,3.8,0.7881,0.00,0.500000,neutral,0,0.525600,0.00,0.88,-347.8,312.5,593.6
2025-09-30T11:44,0.791,0.7910,0.00,0.499681,neutral,0,0.499681,0.00,0.19,-61.3,61.5,20.2,0.7910,0.00,0.497750,neutral,0,0.497750,0.00,0.44,-109.8,106.9,-41.8,0.7910,0.00,0.500000,neutral,0,0.514001,0.00,0.77,-358.0,321.3,531.8
2025-09-30T11:59,0.7911,0.7911,0.00,0.497821,neutral,0,0.497821,0.00,0.33,-60.0,60.6,-20.2,0.7911,0.00,0.499579,neutral,0,0.499579,0.00,0.51,-108.0,105.3,5.1,0.7911,0.00,0.500000,neutral,0,0.517277,0.00,0.72,-352.7,316.5,556.8
2025-09-30T12:14,0.7884,0.7884,0.00,0.498690,neutral,0,0.498690,0.00,0.48,-59.2,60.1,8.9,0.7884,0.00,0.505676,up,0,0.505676,0.00,0.95,-106.6,104.9,-61.1,0.7884,0.00,0.500000,neutral,0,0.527647,0.00,0.89,-349.8,314.3,568.3
2025-09-30T12:29,0.7906,0.7906,0.00,0.494320,down,0,0.494320,0.00,0.41,-58.9,59.6,11.4,0.7906,0.00,0.501188,neutral,0,0.501188,0.00,0.86,-106.1,104.2,-124.7,0.7906,0.00,0.500000,neutral,0,0.517533,0.00,0.83,-348.2,312.7,554.8
2025-09-30T12:44,0.7926,0.7926,0.00,0.483268,down,1,0.483268,0.00,0.41,-57.1,57.8,13.9,0.7926,0.00,0.494586,down,0,0.494586,0.00,0.83,-103.0,101.2,-135.9,0.7926,0.00,0.500000,neutral,0,0.515729,0.00,0.47,-339.0,303.8,518.7
2025-09-30T12:59,0.7895,0.7895,0.00,0.493733,down,0,0.493733,0.00,0.42,-58.1,58.8,21.5,0.7895,0.00,0.504679,neutral,0,0.504679,0.00,0.65,-105.4,103.1,-77.6,0.7895,0.00,0.500000,neutral,0,0.527814,0.00,0.49,-346.3,310.3,530.3
2025-09-30T13:14,0.7891,0.7891,0.00,0.493101,down,0,0.493101,0.00,0.39,-58.0,58.7,15.2,0.7891,0.00,0.496134,neutral,0,0.496134,0.00,0.84,-105.2,103.3,-109.6,0.7891,0.00,0.500000,neutral,0,0.525175,0.00,0.52,-346.8,310.8,577.4
2025-09-30T13:29,0.7915,0.7915,0.00,0.483635,down,1,0.483635,0.00,0.25,-59.5,59.9,-39.2,0.7915,0.00,0.491066,down,0,0.491066,0.00,0.37,-108.2,105.3,-95.2,0.7915,0.00,0.500000,neutral,0,0.514852,0.00,0.47,-355.5,318.6,569.7
2025-09-30T13:44,0.7937,0.7937,0.00,0.488809,down,0,0.488809,0.00,0.13,-63.0,63.1,-75.9,0.7937,0.00,0.496326,neutral,0,0.496326,0.00,0.03,-115.0,111.2,-151.1,0.7937,0.00,0.500000,neutral,0,0.505440,0.00,-0.49,-377.9,336.7,539.5
2025-09-30T13:59,0.7912,0.7912,0.00,0.488992,down,0,0.488992,0.00,0.20,-72.5,72.8,3.8,0.7912,0.00,0.499198,neutral,0,0.499198,0.00,-0.05,-132.8,128.2,-97.8,0.7912,0.00,0.500000,neutral,0,0.515342,0.00,0.50,-435.5,390.1,572.3
2025-09-30T14:14,0.7903,0.7903,0.00,0.486792,down,0,0.486792,0.00,0.10,-74.4,74.5,-85.1,0.7903,0.00,0.500360,neutral,0,0.500360,0.00,-0.01,-136.3,131.7,-71.1,0.7903,0.00,0.500000,neutral,0,0.513338,0.00,0.56,-447.6,401.0,599.2
2025-09-30T14:29,0.7884,0.7884,0.00,0.501428,neutral,0,0.501428,0.00,0.33,-77.2,77.7,-96.9,0.7884,0.00,0.507512,up,0,0.507512,0.00,-0.03,-142.1,137.3,-41.9,0.7884,0.00,0.500000,neutral,0,0.519304,0.00,0.59,-467.0,418.4,622.1
2025-09-30T14:44,0.7877,0.7877,0.00,0.505091,up,0,0.505091,0.00,0.42,-74.5,75.2,-73.9,0.7877,0.00,0.508727,up,0,0.508727,0.00,0.15,-134.8,130.6,-16.5,0.7877,0.00,0.500000,neutral,0,0.523489,0.00,0.68,-443.9,398.0,664.3
2025-09-30T14:59,0.7915,0.7915,0.00,0.491324,down,0,0.491324,0.00,0.20,-69.0,69.2,-102.9,0.7915,0.00,0.497051,neutral,0,0.497051,0.00,0.06,-124.7,120.6,-93.9,0.7915,0.00,0.500000,neutral,0,0.505520,0.00,0.61,-410.9,368.3,587.6
2025-09-30T15:14,0.7836,0.7836,0.00,0.512277,up,0,0.512277,0.00,0.66,-77.1,78.3,-39.6,0.7836,0.00,0.512174,up,1,0.512174,0.00,0.20,-137.6,133.3,39.5,0.7836,0.00,0.500000,neutral,0,0.530258,0.00,0.73,-454.0,407.1,673.6
2025-09-30T15:29,0.7808,0.7808,0.00,0.510729,up,0,0.510729,0.00,0.71,-77.7,78.9,40.9,0.7808,0.00,0.511546,up,1,0.511546,0.00,0.88,-136.9,134.0,94.3,0.7808,0.00,0.500000,neutral,0,0.531746,0.00,0.86,-449.8,403.6,733.2
2025-09-30T15:44,0.7819,0.7819,0.00,0.508381,up,0,0.508381,0.00,0.53,-80.7,81.6,-1.3,0.7819,0.00,0.509170,up,0,0.509170,0.00,0.41,-144.2,140.1,81.5,0.7819,0.00,0.500000,neutral,0,0.525346,0.00,0.92,-467.8,419.7,742.9
2025-09-30T15:59,0.7834,0.7834,0.00,0.510179,up,0,0.510179,0.00,0.61,-80.1,81.1,1.3,0.7834,0.00,0.513902,up,1,0.513902,0.00,0.28,-140.7,136.5,86.4,0.7834,0.00,0.500000,neutral,0,0.524969,0.00,0.76,-456.7,409.5,708.3
2025-09-30T16:14,0.7805,0.7805,0.00,0.517083,up,1,0.517083,0.00,0.64,-71.5,72.7,53.7,0.7805,0.00,0.520134,up,1,0.520134,0.00,1.04,-126.6,124.4,128.6,0.7805,0.00,0.500000,neutral,0,0.536948,0.00,1.72,-408.8,368.5,767.9
2025-09-30T16:29,0.784,0.7840,0.00,0.505184,up,0,0.505184,0.00,0.17,-73.0,73.3,14.0,0.7840,0.00,0.505963,up,0,0.505963,0.00,0.21,-129.5,125.6,109.1,0.7840,0.00,0.500000,neutral,0,0.515283,0.00,0.36,-417.3,373.6,709.0
2025-09-30T16:44,0.7818,0.7818,0.00,0.517176,up,1,0.517176,0.00,0.44,-70.7,71.4,58.7,0.7818,0.00,0.515663,up,1,0.515663,0.00,0.83,-126.7,124.1,198.8,0.7818,0.00,0.500000,neutral,0,0.530057,0.00,0.55,-406.4,364.1,722.8
2025-09-30T16:59,0.7835,0.7835,0.00,0.514730,up,1,0.514730,0.00,-0.07,-71.7,71.4,7.7,0.7835,0.00,0.510991,up,0,0.510991,0.00,-0.58,-129.2,123.7,220.9,0.7835,0.00,0.500000,neutral,0,0.515729,0.00,0.03,-410.8,367.1,639.0
2025-09-30T17:14,0.7847,0.7847,0.00,0.510844,up,0,0.510844,0.00,-0.14,-72.5,72.1,25.5,0.7847,0.00,0.509453,up,0,0.509453,0.00,-0.70,-131.0,125.2,196.9,0.7847,0.00,0.500000,neutral,0,0.509673,0.00,0.12,-416.4,372.3,603.3
2025-09-30T17:29,0.7851,0.7851,0.00,0.514155,up,0,0.514155,0.00,-0.05,-68.4,68.1,39.4,0.7851,0.00,0.511042,up,1,0.511042,0.00,-0.53,-123.8,118.6,234.1,0.7851,0.00,0.500000,neutral,0,0.511494,0.00,0.02,-394.4,352.4,650.9
2025-09-30T17:44,0.7864,0.7864,0.00,0.507956,up,0,0.507956,0.00,-0.13,-71.9,71.5,24.1,0.7864,0.00,0.508961,up,0,0.508961,0.00,-0.06,-129.8,125.3,211.4,0.7864,0.00,0.500000,neutral,0,0.510149,0.00,-0.04,-415.7,371.4,630.8
2025-09-30T17:59,0.7841,0.7841,0.00,0.510738,up,0,0.510738,0.00,0.27,-76.6,77.0,77.5,0.7841,0.00,0.512380,up,1,0.512380,0.00,0.07,-139.1,134.6,310.2,0.7841,0.00,0.500000,neutral,0,0.518399,0.00,0.11,-446.2,398.9,633.7
2025-09-30T18:14,0.7867,0.7867,0.00,0.493922,down,0,0.493922,0.00,-0.11,-77.7,77.3,49.5,0.7867,0.00,0.502721,neutral,0,0.502721,0.00,-0.24,-141.0,135.8,296.8,0.7867,0.00,0.500000,neutral,0,0.503560,0.00,-0.15,-452.0,403.6,636.5
2025-09-30T18:29,0.7882,0.7882,0.00,0.487616,down,0,0.487616,0.00,-0.27,-78.3,77.6,55.7,0.7882,0.00,0.500671,neutral,0,0.500671,0.00,-0.40,-142.3,136.8,276.5,0.7882,0.00,0.500000,neutral,0,0.499903,0.00,-0.71,-456.7,406.8,637.7
2025-09-30T18:44,0.7883,0.7883,0.00,0.490588,down,0,0.490588,0.00,-0.37,-75.1,74.2,116.0,0.7883,0.00,0.503774,neutral,0,0.503774,0.00,-0.47,-136.7,131.1,255.5,0.7883,0.00,0.500000,neutral,0,0.499464,0.00,-0.67,-438.7,390.7,656.6
2025-09-30T18:59,0.7902,0.7902,0.00,0.491782,down,0,0.491782,0.00,-0.19,-70.7,70.2,135.7,0.7902,0.00,0.501970,neutral,0,0.501970,0.00,-0.33,-126.5,121.6,180.6,0.7902,0.00,0.500000,neutral,0,0.492910,0.00,-0.65,-406.9,362.4,646.8
2025-09-30T19:14,0.7906,0.7906,0.00,0.494802,down,0,0.494802,0.00,-0.03,-68.8,68.6,121.9,0.7906,0.00,0.508685,up,0,0.508685,0.00,-0.29,-124.9,120.1,215.2,0.7906,0.00,0.500000,neutral,0,0.498076,0.00,-0.95,-398.5,354.2,673.7
2025-09-30T19:29,0.7926,0.7926,0.00,0.494489,down,0,0.494489,0.00,-0.16,-69.1,68.6,139.1,0.7926,0.00,0.505336,up,0,0.505336,0.00,-0.42,-125.5,120.4,177.6,0.7926,0.00,0.500000,neutral,0,0.490142,0.00,-1.09,-400.5,355.8,668.5
2025-09-30T19:44,0.7975,0.7975,0.00,0.491708,down,0,0.491708,0.00,-0.39,-74.6,73.7,71.2,0.7975,0.00,0.497978,neutral,0,0.497978,0.00,-0.61,-134.2,128.5,87.4,0.7975,0.00,0.500000,neutral,0,0.479570,0.00,-1.20,-424.0,376.6,584.5
2025-09-30T19:59,0.801,0.8010,0.00,0.486638,down,0,0.486638,0.00,-0.31,-75.7,74.9,96.9,0.8010,0.00,0.499073,neutral,0,0.499073,0.00,0.03,-134.6,130.2,10.0,0.8010,0.00,0.500000,neutral,0,0.475432,0.00,-1.15,-423.5,376.3,539.5
2025-09-30T20:14,0.8003,0.8003,0.00,0.491678,down,0,0.491678,0.00,-0.12,-77.2,76.8,125.4,0.8003,0.00,0.504293,neutral,0,0.504293,0.00,0.07,-136.5,132.1,33.7,0.8003,0.00,0.500000,neutral,0,0.479989,0.00,-1.15,-425.8,378.3,525.7
2025-09-30T20:29,0.8037,0.8037,0.00,0.486824,down,0,0.486824,0.00,-0.16,-78.0,77.6,81.8,0.8037,0.00,0.499365,neutral,0,0.499365,0.00,0.03,-136.9,132.3,9.9,0.8037,0.00,0.500000,neutral,0,0.472584,0.00,-1.17,-422.9,375.7,477.4
2025-09-30T20:44,0.8032,0.8032,0.00,0.496955,neutral,0,0.496955,0.00,-0.04,-72.9,72.7,68.2,0.8032,0.00,0.513078,up,1,0.513078,0.00,-0.01,-129.6,125.2,37.3,0.8032,0.00,0.500000,neutral,0,0.475955,0.00,-1.10,-396.7,352.4,488.4
2025-09-30T20:59,0.8088,0.8088,0.00,0.481940,down,1,0.481940,0.00,-0.21,-76.5,75.9,-52.1,0.8088,0.00,0.502427,neutral,0,0.502427,0.00,-0.01,-134.6,130.0,-19.8,0.8088,0.00,0.500000,neutral,0,0.465136,0.00,-1.17,-408.3,362.6,420.1
2025-09-30T21:14,0.8104,0.8104,0.00,0.481001,down,1,0.481001,0.00,-0.26,-78.2,77.5,-32.1,0.8104,0.00,0.499662,neutral,0,0.499662,0.00,-0.20,-136.6,131.6,-24.7,0.8104,0.00,0.500000,neutral,0,0.457756,0.00,-1.21,-410.3,364.3,388.5
2025-09-30T21:29,0.8103,0.8103,0.00,0.484943,down,1,0.484943,0.00,-0.10,-78.2,77.9,-43.3,0.8103,0.00,0.504147,neutral,0,0.504147,0.00,-0.19,-135.8,130.9,-80.5,0.8103,0.00,0.500000,neutral,0,0.461222,0.00,-1.26,-404.4,358.9,370.7
2025-09-30T21:44,0.8087,0.8087,0.00,0.489432,down,0,0.489432,0.00,-0.06,-80.5,80.2,-52.1,0.8087,0.00,0.512541,up,1,0.512541,0.00,-0.15,-141.5,136.4,-83.2,0.8087,0.00,0.500000,neutral,0,0.468820,0.00,-1.28,-417.6,370.7,378.5
2025-09-30T21:59,0.8046,0.8046,0.00,0.504525,neutral,0,0.504525,0.00,0.26,-79.1,79.5,-34.9,0.8046,0.00,0.520931,up,1,0.520931,0.00,-0.08,-141.3,136.4,31.0,0.8046,0.00,0.500000,neutral,0,0.483588,0.00,-1.25,-413.5,367.1,440.1
2025-09-30T22:14,0.8078,0.8078,0.00,0.493791,down,0,0.493791,0.00,0.07,-83.0,82.9,-59.6,0.8078,0.00,0.508060,up,0,0.508060,0.00,-0.18,-149.7,144.3,3.7,0.8078,0.00,0.500000,neutral,0,0.467154,0.00,-1.35,-433.8,385.0,425.3
2025-09-30T22:29,0.8068,0.8068,0.00,0.498126,neutral,0,0.498126,0.00,0.15,-81.4,81.6,-28.5,0.8068,0.00,0.511522,up,1,0.511522,0.00,-0.13,-148.7,143.5,-8.7,0.8068,0.00,0.500000,neutral,0,0.475203,0.00,-1.30,-427.3,379.4,434.2
2025-09-30T22:44,0.8045,0.8045,0.00,0.507995,up,0,0.507995,0.00,0.20,-80.2,80.5,21.1,0.8045,0.00,0.517494,up,1,0.517494,0.00,-0.11,-146.9,141.8,59.5,0.8045,0.00,0.500000,neutral,0,0.479398,0.00,-1.27,-422.6,375.2,465.1
2025-09-30T22:59,0.8018,0.8018,0.00,0.510752,up,0,0.510752,0.00,0.26,-78.5,78.8,67.1,0.8018,0.00,0.518314,up,1,0.518314,0.00,-0.03,-144.0,139.1,115.3,0.8018,0.00,0.500000,neutral,0,0.492460,0.00,-1.23,-414.9,368.4,523.6
2025-09-30T23:14,0.803,0.8030,0.00,0.510810,up,0,0.510810,0.00,0.14,-75.7,75.8,67.0,0.8030,0.00,0.512188,up,1,0.512188,0.00,-0.12,-139.2,134.2,69.5,0.8030,0.00,0.500000,neutral,0,0.479776,0.00,-1.24,-401.1,356.0,520.5
2025-09-30T23:29,0.8045,0.8045,0.00,0.507288,up,0,0.507288,0.00,0.06,-77.3,77.3,-8.7,0.8045,0.00,0.509502,up,0,0.509502,0.00,-0.12,-142.2,137.2,47.1,0.8045,0.00,0.500000,neutral,0,0.478021,0.00,-1.26,-410.3,364.2,519.5
2025-09-30T23:44,0.8062,0.8062,0.00,0.500741,neutral,0,0.500741,0.00,-0.07,-75.5,75.3,-52.2,0.8062,0.00,0.505701,up,0,0.505701,0.00,-0.14,-139.0,134.1,-6.2,0.8062,0.00,0.500000,neutral,0,0.469529,0.00,-1.24,-401.4,356.3,501.9
2025-09-30T23:59,0.8072,0.8072,0.00,0.498710,neutral,0,0.498710,0.00,-0.17,-72.9,72.4,-1.2,0.8072,0.00,0.501223,neutral,0,0.501223,0.00,-0.19,-134.2,129.3,-22.3,0.8072,0.00,0.500000,neutral,0,0.465546,0.00,-1.17,-387.8,344.3,526.1
