time,close,ret5,p5,lo5,hi5,ret15,p15,lo15,hi15,ret60,p60,lo60,hi60
2026-09-25T00:00,0.2479,0.12,0.5048,-21.6,22.8,1.19,0.5330,-34.2,38.6,2.63,0.5304,-69.0,81.3
2026-09-25T00:01,0.2477,1.14,0.5459,-20.6,23.8,1.74,0.5478,-33.7,39.2,3.95,0.5453,-68.0,82.9
2026-09-25T00:02,0.248,0.45,0.5183,-21.5,23.3,1.38,0.5376,-34.4,39.2,3.14,0.5357,-69.4,82.8
2026-09-25T00:03,0.2483,0.03,0.5013,-22.1,23.1,0.99,0.5268,-34.7,38.7,2.07,0.5235,-70.4,81.7
2026-09-25T00:04,0.2488,0.48,0.5185,-22.9,24.8,1.47,0.5381,-35.8,40.9,1.05,0.5114,-74.8,84.3
2026-09-25T00:05,0.2494,0.64,0.5235,-24.3,26.7,1.68,0.5411,-37.8,43.4,0.79,0.5081,-79.7,89.1
2026-09-25T00:06,0.2487,0.23,0.5081,-26.7,28.3,1.04,0.5238,-41.1,45.6,3.32,0.5317,-82.6,97.7
2026-09-25T00:07,0.2487,0.88,0.5307,-26.2,29.2,1.60,0.5368,-40.4,46.0,3.28,0.5314,-82.5,97.4
2026-09-25T00:08,0.2488,0.90,0.5314,-26.1,29.1,0.91,0.5212,-40.9,45.1,2.94,0.5283,-82.5,96.7
2026-09-25T00:09,0.2493,0.85,0.5289,-26.9,29.8,0.96,0.5218,-42.4,46.8,1.14,0.5107,-86.7,97.6
2026-09-25T00:10,0.2491,0.53,0.5179,-27.3,29.5,0.89,0.5202,-43.1,47.4,2.02,0.5188,-86.2,98.8
2026-09-25T00:11,0.2494,0.13,0.5044,-27.9,29.4,0.61,0.5137,-44.2,47.9,0.79,0.5072,-88.2,98.5
2026-09-25T00:12,0.2496,0.33,0.5112,-27.9,29.8,0.69,0.5156,-44.4,48.4,0.10,0.5009,-88.7,97.6
2026-09-25T00:13,0.2499,-0.50,0.4832,-29.0,29.2,0.51,0.5114,-45.0,48.6,0.46,0.5043,-88.5,98.1
2026-09-25T00:14,0.2503,-0.33,0.4891,-29.6,30.2,0.33,0.5073,-46.4,49.7,0.59,0.5053,-89.8,99.9
2026-09-25T00:15,0.25,-0.46,0.4848,-30.1,30.5,0.21,0.5047,-47.2,50.3,1.36,0.5122,-89.5,101.2
2026-09-25T00:16,0.2503,-0.75,0.4756,-30.9,30.8,0.01,0.5002,-48.2,51.0,0.57,0.5051,-91.1,101.2
2026-09-25T00:17,0.2499,0.57,0.5183,-30.1,32.6,0.71,0.5156,-48.8,53.0,2.49,0.5218,-90.7,104.8
2026-09-25T00:18,0.2495,0.97,0.5307,-30.2,33.5,0.36,0.5078,-50.4,54.1,3.00,0.5258,-91.8,107.1
2026-09-25T00:19,0.2497,0.58,0.5185,-30.5,33.1,0.51,0.5109,-50.2,54.1,3.56,0.5306,-91.2,107.6
2026-09-25T00:20,0.2504,-0.05,0.4985,-32.6,33.9,0.72,0.5150,-52.4,56.8,1.29,0.5106,-98.0,110.3
2026-09-25T00:21,0.2497,1.38,0.5400,-32.7,36.9,1.54,0.5305,-54.0,60.2,3.26,0.5255,-100.7,117.4
2026-09-25T00:22,0.2499,0.07,0.5021,-34.0,35.6,-0.08,0.4984,-56.2,59.2,1.46,0.5114,-102.6,115.7
2026-09-25T00:23,0.2501,0.80,0.5232,-33.2,36.3,0.85,0.5170,-55.6,60.6,2.28,0.5179,-101.6,116.4
2026-09-25T00:24,0.2497,0.94,0.5274,-33.0,36.4,0.63,0.5126,-55.8,60.3,3.15,0.5246,-100.7,117.2
2026-09-25T00:25,0.2495,-0.32,0.4908,-34.6,35.5,-0.48,0.4904,-56.9,59.2,2.69,0.5210,-101.3,116.9
2026-09-25T00:26,0.2494,0.61,0.5177,-33.7,36.4,0.25,0.5050,-56.1,59.9,4.37,0.5340,-99.7,118.6
2026-09-25T00:27,0.2501,-0.09,0.4975,-35.1,36.5,0.20,0.5039,-57.4,61.1,1.98,0.5151,-104.5,118.8
2026-09-25T00:28,0.2499,0.91,0.5254,-34.1,37.5,0.90,0.5175,-56.8,61.9,2.77,0.5211,-103.8,119.8
2026-09-25T00:29,0.2495,1.15,0.5314,-34.3,38.1,0.92,0.5176,-57.4,62.6,3.64,0.5273,-104.3,122.1
2026-09-25T00:30,0.2491,1.35,0.5367,-34.4,38.6,0.48,0.5091,-58.3,62.7,5.88,0.5437,-103.0,125.5
2026-09-25T00:31,0.2491,0.88,0.5240,-34.7,38.0,0.70,0.5133,-57.8,62.6,5.26,0.5391,-103.2,124.3
2026-09-25T00:32,0.2494,0.28,0.5076,-35.2,37.3,0.77,0.5147,-57.6,62.5,4.50,0.5335,-103.9,123.5
2026-09-25T00:33,0.2496,-0.51,0.4861,-35.8,36.3,0.08,0.5016,-58.0,61.5,2.81,0.5211,-105.1,121.2
2026-09-25T00:34,0.2493,-0.07,0.4980,-34.9,36.2,0.10,0.5019,-57.2,60.6,3.29,0.5250,-103.2,120.2
2026-09-25T00:35,0.2496,-0.11,0.4968,-34.1,35.4,0.46,0.5090,-55.5,59.6,3.48,0.5270,-100.7,117.9
2026-09-25T00:36,0.2498,0.17,0.5050,-32.5,34.3,0.92,0.5188,-52.9,57.8,1.86,0.5150,-98.4,111.9
2026-09-25T00:37,0.2496,0.54,0.5159,-32.2,34.7,0.72,0.5146,-53.2,57.7,2.61,0.5209,-97.9,113.0
2026-09-25T00:38,0.2497,0.16,0.5046,-32.5,34.3,0.07,0.5014,-53.7,56.9,2.28,0.5183,-98.1,112.5
2026-09-25T00:39,0.2499,-0.83,0.4753,-32.8,32.6,0.59,0.5122,-52.1,56.3,1.50,0.5123,-96.9,109.6
2026-09-25T00:40,0.2501,0.03,0.5008,-31.9,33.4,0.80,0.5165,-51.8,56.4,0.88,0.5072,-97.5,108.9
2026-09-25T00:41,0.2501,0.09,0.5028,-31.5,33.1,0.85,0.5177,-51.2,55.9,1.53,0.5127,-95.9,108.5
2026-09-25T00:42,0.2494,1.20,0.5341,-31.8,35.6,1.77,0.5354,-52.5,59.2,4.54,0.5359,-97.2,116.3
2026-09-25T00:43,0.2496,0.40,0.5116,-32.4,34.6,0.20,0.5040,-53.7,57.2,2.71,0.5216,-98.5,113.8
2026-09-25T00:44,0.2494,1.09,0.5317,-31.3,34.9,1.20,0.5242,-52.1,57.5,4.71,0.5379,-95.4,114.6
2026-09-25T00:45,0.2493,0.65,0.5190,-31.8,34.5,1.27,0.5259,-51.5,57.1,3.79,0.5308,-95.5,112.8
2026-09-25T00:46,0.2495,0.11,0.5033,-31.9,33.5,0.57,0.5117,-51.6,55.7,2.48,0.5204,-95.6,110.2
2026-09-25T00:47,0.2492,1.06,0.5312,-30.7,34.2,1.36,0.5282,-50.3,56.0,4.02,0.5333,-93.4,110.9
2026-09-25T00:48,0.2494,-0.15,0.4955,-31.5,32.5,0.12,0.5025,-50.9,54.1,2.09,0.5176,-94.2,107.8
2026-09-25T00:49,0.2498,-0.32,0.4905,-32.0,32.7,0.45,0.5093,-51.1,54.9,0.66,0.5055,-96.6,107.5
2026-09-25T00:50,0.2496,-0.30,0.4907,-30.6,31.3,0.83,0.5178,-48.5,53.0,2.31,0.5201,-90.9,104.6
2026-09-25T00:51,0.2498,0.10,0.5034,-28.8,30.2,0.47,0.5107,-46.6,50.2,1.60,0.5145,-87.4,99.3
2026-09-25T00:52,0.2497,-0.60,0.4802,-29.3,29.3,0.30,0.5068,-46.5,49.7,1.23,0.5112,-87.3,98.4
2026-09-25T00:53,0.2495,0.08,0.5026,-28.6,30.0,0.66,0.5149,-46.0,50.0,2.49,0.5228,-86.0,99.7
2026-09-25T00:54,0.2498,0.59,0.5195,-27.8,30.2,0.86,0.5196,-45.4,49.8,1.43,0.5131,-86.4,97.8
2026-09-25T00:55,0.2498,0.61,0.5201,-27.6,30.0,1.42,0.5326,-44.5,50.0,2.31,0.5214,-84.9,98.1
2026-09-25T00:56,0.2498,0.26,0.5086,-27.8,29.6,0.82,0.5188,-45.0,49.2,1.96,0.5182,-85.1,97.5
2026-09-25T00:57,0.2498,0.50,0.5174,-26.0,28.1,0.67,0.5164,-42.4,46.2,2.74,0.5271,-79.7,93.3
2026-09-25T00:58,0.25,-0.50,0.4825,-26.9,27.0,0.17,0.5042,-42.8,45.6,1.80,0.5178,-80.9,92.6
2026-09-25T00:59,0.2502,-0.79,0.4719,-26.7,26.3,-0.00,0.4999,-42.3,44.7,1.21,0.5122,-80.6,91.1
2026-09-25T01:00,0.2501,-0.07,0.4976,-25.4,26.3,0.66,0.5168,-40.5,44.2,1.86,0.5192,-78.4,89.9
2026-09-25T01:01,0.2509,-0.22,0.4927,-28.0,28.8,0.36,0.5085,-45.0,48.3,1.20,0.5114,-86.7,97.7
2026-09-25T01:02,0.2512,0.50,0.5169,-27.6,29.8,0.58,0.5136,-45.2,48.9,0.98,0.5093,-87.4,98.0
2026-09-25T01:03,0.2517,0.02,0.5008,-29.0,30.3,0.41,0.5094,-46.9,50.4,-0.15,0.4986,-91.2,99.8
2026-09-25T01:04,0.2517,0.29,0.5096,-28.7,30.5,0.87,0.5200,-46.4,50.8,1.21,0.5114,-89.3,100.5
2026-09-25T01:05,0.2519,-0.34,0.4887,-29.4,30.0,0.10,0.5023,-47.3,50.2,0.67,0.5063,-89.7,99.9
2026-09-25T01:06,0.2514,0.44,0.5141,-29.3,31.5,0.20,0.5045,-48.7,51.9,1.89,0.5174,-91.1,104.0
2026-09-25T01:07,0.2515,-0.02,0.4993,-29.6,30.8,-0.19,0.4957,-49.3,51.8,1.66,0.5154,-91.4,103.8
2026-09-25T01:08,0.2515,0.70,0.5226,-28.7,31.4,0.45,0.5102,-48.9,52.7,2.12,0.5198,-91.0,104.4
2026-09-25T01:09,0.2519,0.18,0.5057,-29.6,31.3,0.06,0.5013,-50.4,53.5,1.05,0.5097,-93.8,105.2
2026-09-25T01:10,0.2518,0.59,0.5191,-29.0,31.5,0.31,0.5071,-50.4,53.9,1.44,0.5134,-93.4,105.6
2026-09-25T01:11,0.2521,0.33,0.5105,-29.5,31.4,-0.17,0.4962,-51.7,54.4,0.73,0.5067,-95.4,106.2
2026-09-25T01:12,0.2519,-0.40,0.4865,-28.8,29.2,-0.69,0.4836,-50.2,51.7,1.31,0.5126,-90.2,101.8
2026-09-25T01:13,0.2521,-0.77,0.4742,-29.1,28.8,-0.66,0.4843,-50.6,52.2,0.43,0.5042,-91.0,100.8
2026-09-25T01:14,0.2518,0.14,0.5045,-28.3,29.8,-0.41,0.4904,-51.1,53.2,2.02,0.5194,-89.9,103.0
2026-09-25T01:15,0.252,-0.38,0.4874,-28.8,29.3,-0.92,0.4782,-52.2,53.2,0.86,0.5082,-91.2,102.0
2026-09-25T01:16,0.252,-1.04,0.4652,-29.2,28.4,-0.92,0.4782,-51.7,52.8,1.76,0.5169,-89.6,102.1
2026-09-25T01:17,0.253,0.22,0.5066,-31.3,33.1,0.80,0.5171,-55.9,60.7,0.21,0.5018,-101.4,111.8
2026-09-25T01:18,0.2529,0.10,0.5030,-31.5,33.1,0.29,0.5063,-56.1,59.9,0.72,0.5063,-101.0,112.4
2026-09-25T01:19,0.2526,-0.13,0.4960,-31.8,33.0,0.07,0.5015,-55.9,59.2,1.90,0.5168,-99.6,113.3
2026-09-25T01:20,0.2519,0.21,0.5060,-32.9,34.7,-0.82,0.4830,-59.2,60.9,3.45,0.5291,-102.5,119.8
2026-09-25T01:21,0.2518,-0.08,0.4977,-33.0,34.3,-0.43,0.4910,-58.5,61.0,3.30,0.5280,-102.2,119.2
2026-09-25T01:22,0.2513,0.50,0.5143,-33.4,35.9,-0.67,0.4863,-59.9,61.9,4.25,0.5352,-103.5,122.5
2026-09-25T01:23,0.2509,0.69,0.5196,-33.9,36.7,-0.43,0.4913,-60.2,62.8,5.18,0.5425,-103.7,124.7
2026-09-25T01:24,0.2509,0.52,0.5149,-34.0,36.6,-0.34,0.4931,-59.5,62.2,4.62,0.5383,-103.3,123.1
2026-09-25T01:25,0.2507,1.30,0.5370,-33.7,37.8,0.25,0.5051,-59.0,62.9,4.68,0.5387,-103.5,123.4
2026-09-25T01:26,0.2511,0.14,0.5040,-35.2,37.1,-0.25,0.4949,-60.3,63.2,2.19,0.5179,-107.4,122.5
2026-09-25T01:27,0.2513,-0.03,0.4993,-35.5,36.9,0.16,0.5031,-59.9,63.7,2.27,0.5185,-107.6,122.9
2026-09-25T01:28,0.2508,0.87,0.5239,-35.1,38.4,0.02,0.5003,-61.7,65.2,3.53,0.5282,-108.2,126.2
2026-09-25T01:29,0.2508,0.67,0.5185,-35.1,38.0,-0.54,0.4894,-61.9,64.3,3.19,0.5257,-108.1,125.3
2026-09-25T01:30,0.2501,0.75,0.5197,-36.4,39.5,0.45,0.5085,-63.9,68.4,5.03,0.5390,-110.6,131.9
2026-09-25T01:31,0.2496,0.63,0.5169,-35.9,38.7,0.73,0.5143,-62.4,67.5,7.29,0.5580,-105.2,130.8
2026-09-25T01:32,0.25,0.43,0.5115,-36.6,39.0,0.66,0.5128,-63.4,68.3,5.47,0.5435,-107.5,129.6
2026-09-25T01:33,0.2497,1.25,0.5337,-35.6,39.7,1.59,0.5311,-62.1,68.9,6.51,0.5524,-104.9,128.9
2026-09-25T01:34,0.2496,0.64,0.5172,-36.5,39.4,0.48,0.5094,-63.8,68.4,5.11,0.5412,-106.3,127.4
2026-09-25T01:35,0.2491,1.04,0.5275,-37.1,40.8,1.57,0.5303,-64.4,71.3,6.95,0.5549,-106.3,131.3
2026-09-25T01:36,0.2494,-0.40,0.4894,-38.0,38.9,-0.34,0.4934,-66.1,69.2,4.75,0.5380,-107.2,127.7
2026-09-25T01:37,0.2495,-0.19,0.4950,-37.7,39.0,1.17,0.5229,-65.1,71.2,5.12,0.5409,-106.7,127.8
2026-09-25T01:38,0.2499,-1.07,0.4719,-39.0,38.5,0.48,0.5092,-66.5,71.3,4.11,0.5324,-109.0,128.3
2026-09-25T01:39,0.2505,-0.53,0.4863,-39.1,39.7,0.54,0.5104,-67.5,72.4,3.56,0.5277,-111.4,129.8
2026-09-25T01:40,0.2502,-0.24,0.4938,-39.3,40.5,1.16,0.5219,-67.0,73.3,4.87,0.5376,-110.6,131.6
2026-09-25T01:41,0.2504,0.97,0.5253,-38.2,41.9,2.71,0.5512,-65.2,74.4,5.14,0.5398,-109.8,131.4
2026-09-25T01:42,0.2508,0.13,0.5033,-39.8,41.8,1.03,0.5193,-67.3,73.3,3.16,0.5243,-112.8,130.5
2026-09-25T01:43,0.2509,-0.33,0.4915,-40.5,41.6,0.59,0.5111,-67.5,72.6,2.67,0.5207,-112.9,129.6
2026-09-25T01:44,0.2506,0.09,0.5022,-40.0,41.9,1.07,0.5202,-66.9,73.0,3.51,0.5272,-112.1,130.4
2026-09-25T01:45,0.2502,1.13,0.5285,-39.3,43.3,1.87,0.5349,-66.7,74.3,5.36,0.5411,-111.2,133.3
2026-09-25T01:46,0.2504,0.62,0.5158,-39.8,42.8,0.75,0.5140,-67.8,73.3,4.50,0.5345,-112.3,132.7
2026-09-25T01:47,0.2502,0.61,0.5164,-37.2,40.0,1.97,0.5393,-62.1,69.7,5.29,0.5434,-103.9,125.1
2026-09-25T01:48,0.2504,0.74,0.5199,-36.9,40.0,1.80,0.5360,-62.1,69.3,4.55,0.5374,-104.4,124.2
2026-09-25T01:49,0.2503,0.64,0.5173,-36.7,39.6,0.84,0.5169,-62.5,67.8,3.98,0.5329,-104.2,122.8
2026-09-25T01:50,0.2503,0.17,0.5049,-35.7,37.6,1.10,0.5230,-59.7,65.3,3.44,0.5296,-100.5,117.5
2026-09-25T01:51,0.2502,0.85,0.5242,-34.8,38.3,1.91,0.5400,-58.1,67.0,7.42,0.5638,-94.8,125.8
2026-09-25T01:52,0.2502,2.11,0.5610,-32.7,38.7,3.30,0.5705,-55.3,66.9,7.79,0.5684,-92.2,123.5
2026-09-25T01:53,0.2497,1.95,0.5555,-33.1,38.8,2.26,0.5481,-56.8,66.3,7.77,0.5677,-93.0,124.4
2026-09-25T01:54,0.2496,0.98,0.5278,-34.1,37.7,1.73,0.5368,-57.3,65.7,7.65,0.5665,-93.1,124.3
2026-09-25T01:55,0.2495,0.72,0.5205,-34.2,37.3,1.99,0.5423,-56.7,65.7,7.38,0.5643,-93.0,123.6
2026-09-25T01:56,0.2496,-0.14,0.4960,-34.5,35.9,1.30,0.5279,-56.5,64.1,6.11,0.5540,-92.9,120.7
2026-09-25T01:57,0.2495,1.78,0.5506,-32.4,37.7,2.99,0.5639,-54.6,65.5,8.35,0.5736,-90.3,122.5
2026-09-25T01:58,0.2496,0.61,0.5177,-32.7,35.5,1.53,0.5336,-54.5,62.3,5.88,0.5533,-90.1,117.1
2026-09-25T01:59,0.2499,0.35,0.5102,-33.1,35.5,1.35,0.5292,-55.0,62.5,5.03,0.5452,-91.7,117.0
2026-09-25T02:00,0.2498,0.61,0.5187,-31.1,33.9,1.64,0.5374,-51.8,59.6,5.40,0.5510,-86.3,111.6
2026-09-25T02:01,0.2501,0.06,0.5020,-31.1,32.7,1.00,0.5232,-51.4,57.9,4.64,0.5446,-85.5,109.0
2026-09-25T02:02,0.2511,0.49,0.5141,-33.7,36.4,1.04,0.5221,-56.0,62.9,2.12,0.5187,-96.1,115.8
2026-09-25T02:03,0.2515,0.16,0.5046,-34.6,36.6,0.80,0.5170,-56.6,63.0,1.47,0.5129,-97.4,115.9
2026-09-25T02:04,0.2519,0.22,0.5062,-35.3,37.5,1.14,0.5239,-56.9,64.2,0.31,0.5027,-99.9,116.3
2026-09-25T02:05,0.2519,0.72,0.5208,-34.0,37.2,0.72,0.5157,-55.5,61.7,0.86,0.5076,-96.2,113.2
2026-09-25T02:06,0.252,0.09,0.5027,-34.7,36.6,0.14,0.5031,-56.1,61.2,0.75,0.5067,-95.5,112.2
2026-09-25T02:07,0.2517,0.63,0.5184,-34.3,37.3,-0.10,0.4977,-56.7,61.3,1.68,0.5150,-95.2,113.9
2026-09-25T02:08,0.2517,-0.03,0.4992,-34.4,36.1,-0.85,0.4810,-57.0,60.1,0.87,0.5079,-94.5,111.3
2026-09-25T02:09,0.2512,1.34,0.5399,-32.7,37.1,1.21,0.5272,-54.4,61.6,3.18,0.5290,-91.4,112.7
2026-09-25T02:10,0.2514,0.85,0.5253,-33.0,36.4,0.31,0.5070,-55.5,60.9,1.90,0.5174,-92.1,110.8
2026-09-25T02:11,0.2517,-0.30,0.4911,-34.3,35.3,-0.84,0.4810,-57.4,60.6,0.25,0.5023,-94.2,109.6
2026-09-25T02:12,0.2513,0.40,0.5118,-33.6,36.0,-0.40,0.4908,-57.6,61.6,1.14,0.5104,-93.4,110.6
2026-09-25T02:13,0.251,0.24,0.5071,-33.9,36.1,-0.89,0.4798,-58.4,61.5,2.00,0.5180,-93.2,112.2
2026-09-25T02:14,0.2511,-0.22,0.4936,-34.1,35.3,-1.69,0.4615,-58.7,60.1,0.96,0.5087,-93.4,110.3
2026-09-25T02:15,0.2507,0.38,0.5111,-33.4,35.9,0.04,0.5010,-56.9,61.8,4.04,0.5365,-90.4,113.4
2026-09-25T02:16,0.2512,0.10,0.5028,-34.4,36.3,-0.23,0.4948,-58.3,62.7,2.30,0.5204,-94.1,113.9
2026-09-25T02:17,0.2516,-0.72,0.4795,-35.5,35.8,-0.09,0.4981,-58.7,63.5,1.09,0.5095,-96.3,113.9
2026-09-25T02:18,0.2509,0.88,0.5240,-35.3,38.9,0.79,0.5169,-60.2,66.9,3.40,0.5285,-98.0,120.8
2026-09-25T02:19,0.2508,0.60,0.5164,-35.5,38.5,0.34,0.5072,-60.4,66.3,2.75,0.5231,-98.5,120.0
2026-09-25T02:20,0.2506,0.01,0.5003,-36.2,38.0,0.31,0.5066,-60.6,66.4,2.55,0.5213,-98.9,120.1
2026-09-25T02:21,0.2506,0.66,0.5179,-35.4,38.5,0.10,0.5021,-60.6,65.9,2.23,0.5186,-99.0,119.4
2026-09-25T02:22,0.2505,0.80,0.5216,-35.5,38.9,0.45,0.5094,-60.1,66.2,2.45,0.5204,-98.7,119.6
2026-09-25T02:23,0.2504,0.14,0.5037,-35.4,37.5,0.25,0.5054,-59.0,64.6,1.96,0.5166,-97.2,116.8
2026-09-25T02:24,0.2503,0.18,0.5050,-35.3,37.4,0.03,0.5006,-59.1,64.2,2.91,0.5246,-96.0,117.5
2026-09-25T02:25,0.2503,0.25,0.5069,-35.1,37.3,-0.08,0.4982,-59.0,63.8,1.90,0.5161,-96.8,116.2
2026-09-25T02:26,0.2504,-0.47,0.4870,-35.7,36.5,-1.10,0.4762,-59.8,62.7,1.45,0.5122,-97.1,115.6
2026-09-25T02:27,0.2503,-0.15,0.4960,-35.3,36.8,-0.15,0.4967,-58.8,63.5,1.73,0.5146,-96.7,115.7
2026-09-25T02:28,0.2498,0.61,0.5162,-35.3,38.2,0.68,0.5144,-59.1,65.5,3.33,0.5274,-97.1,119.7
2026-09-25T02:29,0.2496,0.64,0.5171,-35.0,38.0,1.11,0.5237,-58.9,66.2,5.01,0.5413,-94.9,120.7
2026-09-25T02:30,0.2499,-0.84,0.4775,-36.7,36.7,-0.20,0.4958,-60.5,65.2,2.70,0.5221,-97.8,119.1
2026-09-25T02:31,0.2498,1.29,0.5346,-34.2,38.5,2.68,0.5572,-57.0,67.5,4.50,0.5372,-95.2,119.9
2026-09-25T02:32,0.2499,0.32,0.5093,-32.1,34.4,1.48,0.5345,-53.7,61.4,3.72,0.5334,-87.6,109.4
2026-09-25T02:33,0.2499,0.91,0.5273,-30.9,34.3,2.04,0.5484,-52.0,60.7,4.23,0.5388,-85.3,107.9
2026-09-25T02:34,0.2495,0.97,0.5288,-30.8,34.3,2.72,0.5643,-51.3,61.4,5.72,0.5521,-83.9,109.5
2026-09-25T02:35,0.2493,1.26,0.5374,-30.6,34.7,2.09,0.5491,-52.1,60.9,5.39,0.5491,-84.5,109.4
2026-09-25T02:36,0.2485,1.12,0.5309,-33.2,37.1,2.50,0.5551,-55.9,65.8,7.45,0.5633,-88.5,118.5
2026-09-25T02:37,0.2484,0.33,0.5092,-34.0,36.4,1.14,0.5254,-57.3,64.5,6.43,0.5549,-88.7,116.6
2026-09-25T02:38,0.2481,0.07,0.5019,-34.8,36.7,1.11,0.5244,-58.2,65.5,5.49,0.5465,-90.3,116.4
2026-09-25T02:39,0.2479,0.64,0.5178,-33.9,36.9,1.93,0.5433,-56.8,65.7,5.62,0.5484,-88.4,114.5
2026-09-25T02:40,0.2474,1.28,0.5346,-34.3,38.6,2.22,0.5487,-58.3,67.9,6.16,0.5517,-90.2,117.8
2026-09-25T02:41,0.2476,0.41,0.5110,-35.3,37.9,1.22,0.5270,-59.5,67.1,3.96,0.5334,-92.5,115.6
2026-09-25T02:42,0.2479,0.46,0.5124,-35.0,37.7,1.24,0.5277,-59.7,67.4,3.56,0.5301,-92.8,115.1
2026-09-25T02:43,0.2484,0.07,0.5018,-35.9,37.8,1.67,0.5365,-60.1,68.8,3.39,0.5282,-94.4,116.7
2026-09-25T02:44,0.2483,1.34,0.5356,-34.6,39.0,2.21,0.5482,-59.5,69.2,4.15,0.5344,-93.6,117.3
2026-09-25T02:45,0.2484,-0.22,0.4939,-36.0,37.3,1.64,0.5361,-59.1,67.6,3.45,0.5289,-92.9,115.0
2026-09-25T02:46,0.2476,0.11,0.5030,-37.0,39.1,1.72,0.5363,-62.1,70.9,5.34,0.5428,-95.4,122.0
2026-09-25T02:47,0.2473,0.11,0.5029,-36.8,38.8,1.93,0.5408,-62.0,71.4,5.41,0.5435,-95.2,122.0
2026-09-25T02:48,0.2475,-0.10,0.4973,-35.9,37.5,0.76,0.5166,-61.4,68.2,3.60,0.5300,-93.8,116.4
2026-09-25T02:49,0.2475,1.84,0.5497,-33.9,39.3,3.21,0.5693,-59.4,71.1,5.67,0.5471,-92.0,118.8
2026-09-25T02:50,0.2471,0.99,0.5265,-35.5,39.2,2.48,0.5527,-61.4,71.8,5.12,0.5420,-94.2,120.1
2026-09-25T02:51,0.247,0.53,0.5141,-35.9,38.7,1.98,0.5419,-62.4,71.9,4.67,0.5381,-95.1,120.2
2026-09-25T02:52,0.2472,0.24,0.5065,-36.2,38.5,2.20,0.5463,-62.3,72.2,4.46,0.5361,-95.9,120.7
2026-09-25T02:53,0.247,1.52,0.5404,-34.9,39.8,2.98,0.5621,-61.6,73.0,5.73,0.5461,-95.4,122.8
2026-09-25T02:54,0.2471,-0.11,0.4971,-36.5,38.1,1.26,0.5263,-63.1,71.1,3.96,0.5317,-97.5,121.5
2026-09-25T02:55,0.2472,0.76,0.5200,-35.6,38.9,2.24,0.5465,-62.1,72.0,4.84,0.5386,-96.6,122.3
2026-09-25T02:56,0.2469,1.36,0.5355,-35.2,39.7,2.45,0.5501,-62.2,72.6,4.18,0.5330,-98.5,123.1
2026-09-25T02:57,0.2469,1.62,0.5422,-34.8,39.9,3.74,0.5761,-60.7,73.7,6.68,0.5524,-96.3,125.9
2026-09-25T02:58,0.2473,0.52,0.5137,-35.6,38.5,2.23,0.5456,-61.8,71.7,5.30,0.5417,-97.5,124.4
2026-09-25T02:59,0.2474,0.29,0.5078,-35.7,38.1,1.99,0.5407,-61.7,71.1,4.18,0.5329,-98.8,123.4
2026-09-25T03:00,0.2473,-0.08,0.4978,-35.8,37.4,2.48,0.5508,-60.7,71.0,4.52,0.5357,-98.2,123.4
2026-09-25T03:01,0.2473,-0.09,0.4976,-35.7,37.2,2.61,0.5533,-60.3,70.9,3.99,0.5314,-99.0,123.2
2026-09-25T03:02,0.2471,0.44,0.5120,-35.1,37.8,3.20,0.5649,-59.8,71.6,4.82,0.5378,-98.8,124.8
2026-09-25T03:03,0.2475,0.50,0.5135,-35.5,38.3,3.05,0.5609,-60.7,72.2,4.91,0.5379,-100.6,127.1
2026-09-25T03:04,0.2477,0.59,0.5161,-35.0,37.9,3.19,0.5647,-59.8,71.5,3.51,0.5274,-101.4,125.0
2026-09-25T03:05,0.2481,1.05,0.5282,-34.8,38.7,3.74,0.5754,-59.8,72.7,2.60,0.5201,-103.8,125.8
2026-09-25T03:06,0.2481,1.33,0.5376,-32.5,36.8,3.65,0.5781,-56.2,68.6,3.33,0.5272,-97.6,120.2
2026-09-25T03:07,0.2481,0.48,0.5136,-33.6,36.2,2.73,0.5589,-57.0,67.5,2.08,0.5170,-99.2,119.3
2026-09-25T03:08,0.2483,1.74,0.5497,-32.1,37.3,3.41,0.5740,-55.9,67.8,2.72,0.5224,-98.5,119.9
2026-09-25T03:09,0.2483,0.87,0.5251,-32.8,36.2,2.42,0.5532,-56.5,66.4,1.11,0.5091,-100.0,118.2
2026-09-25T03:10,0.2479,1.54,0.5446,-31.8,36.5,2.98,0.5662,-55.4,66.3,2.73,0.5226,-98.1,119.4
2026-09-25T03:11,0.2481,1.07,0.5311,-32.2,36.0,2.16,0.5482,-56.1,65.4,2.67,0.5221,-98.6,119.9
2026-09-25T03:12,0.2478,1.45,0.5420,-31.6,36.1,2.77,0.5623,-55.1,65.6,3.82,0.5318,-97.3,121.0
2026-09-25T03:13,0.2474,1.51,0.5436,-31.5,36.2,2.69,0.5614,-54.7,64.9,4.53,0.5379,-96.3,121.3
2026-09-25T03:14,0.2475,0.47,0.5135,-32.5,35.1,1.21,0.5278,-56.0,63.3,2.85,0.5238,-98.4,120.1
2026-09-25T03:15,0.2479,0.49,0.5139,-33.0,35.6,1.90,0.5431,-56.2,64.9,1.44,0.5118,-101.9,121.1
2026-09-25T03:16,0.2473,1.40,0.5401,-31.5,36.0,2.44,0.5565,-54.1,63.8,4.03,0.5338,-97.2,121.3
2026-09-25T03:17,0.2477,-0.01,0.4997,-33.1,34.8,0.27,0.5063,-56.6,62.0,0.44,0.5036,-102.0,119.1
2026-09-25T03:18,0.2474,0.45,0.5126,-32.8,35.4,1.50,0.5344,-55.6,63.5,1.86,0.5153,-101.6,121.7
2026-09-25T03:19,0.2474,0.33,0.5093,-32.9,35.2,1.68,0.5381,-55.3,63.6,3.09,0.5255,-100.8,123.4
2026-09-25T03:20,0.2474,0.12,0.5033,-32.5,34.3,0.94,0.5215,-55.0,61.7,3.12,0.5261,-99.5,122.0
2026-09-25T03:21,0.2474,1.21,0.5347,-31.3,35.3,2.15,0.5488,-53.6,62.7,3.80,0.5318,-99.0,122.9
2026-09-25T03:22,0.2477,-0.37,0.4894,-33.0,33.8,0.76,0.5170,-55.2,61.5,2.07,0.5172,-101.8,122.3
2026-09-25T03:23,0.2475,0.56,0.5162,-32.0,34.7,1.58,0.5351,-54.3,62.2,2.88,0.5239,-101.4,123.7
2026-09-25T03:24,0.2475,0.80,0.5231,-31.6,34.8,1.12,0.5249,-54.6,61.5,3.45,0.5286,-101.1,124.5
2026-09-25T03:25,0.2475,1.52,0.5435,-30.8,35.4,2.40,0.5528,-53.1,62.6,4.40,0.5365,-100.5,125.8
2026-09-25T03:26,0.2474,1.21,0.5350,-30.8,34.8,2.10,0.5463,-52.8,61.7,3.18,0.5266,-101.2,124.1
2026-09-25T03:27,0.2471,1.27,0.5366,-31.0,35.1,2.30,0.5498,-53.1,62.4,5.08,0.5420,-100.8,127.7
2026-09-25T03:28,0.247,1.03,0.5299,-30.7,34.3,2.07,0.5451,-52.4,61.1,4.43,0.5371,-100.3,125.7
2026-09-25T03:29,0.247,0.43,0.5125,-31.2,33.6,1.64,0.5357,-52.6,60.5,4.21,0.5352,-100.8,125.8
2026-09-25T03:30,0.2467,0.62,0.5176,-31.5,34.3,2.49,0.5535,-52.1,61.8,5.53,0.5458,-100.8,128.7
2026-09-25T03:31,0.2465,1.34,0.5378,-31.2,35.5,3.17,0.5674,-51.6,62.6,6.17,0.5506,-101.1,130.3
2026-09-25T03:32,0.2472,-0.29,0.4921,-34.4,35.5,1.34,0.5272,-56.1,63.7,3.60,0.5281,-109.6,134.6
2026-09-25T03:33,0.2469,1.64,0.5442,-32.2,37.2,2.98,0.5605,-54.0,64.8,5.45,0.5426,-107.5,136.2
2026-09-25T03:34,0.2472,0.60,0.5162,-33.4,36.2,1.68,0.5339,-55.5,63.7,3.64,0.5282,-110.4,135.7
2026-09-25T03:35,0.2472,-0.33,0.4909,-33.7,34.7,0.85,0.5173,-55.4,61.9,1.75,0.5137,-111.0,132.3
2026-09-25T03:36,0.2471,0.60,0.5164,-32.8,35.6,1.45,0.5293,-54.7,62.4,1.65,0.5129,-111.1,132.2
2026-09-25T03:37,0.2475,0.81,0.5218,-33.1,36.3,1.61,0.5320,-55.4,63.5,2.26,0.5173,-112.3,134.9
2026-09-25T03:38,0.2476,0.86,0.5236,-32.8,36.2,1.62,0.5324,-55.1,63.2,1.18,0.5091,-113.0,133.4
2026-09-25T03:39,0.2478,0.82,0.5224,-32.9,36.2,1.25,0.5249,-55.6,62.9,0.36,0.5028,-114.1,132.9
2026-09-25T03:40,0.2475,1.41,0.5387,-32.1,36.6,2.36,0.5473,-54.0,63.6,2.51,0.5192,-111.2,134.2
2026-09-25T03:41,0.2476,0.90,0.5249,-32.4,35.9,1.56,0.5316,-54.6,62.5,1.90,0.5146,-111.4,133.1
2026-09-25T03:42,0.2475,0.92,0.5255,-32.1,35.6,1.46,0.5299,-54.1,61.8,2.66,0.5205,-109.6,132.7
2026-09-25T03:43,0.2473,1.21,0.5339,-31.4,35.4,1.73,0.5361,-53.1,61.2,3.14,0.5245,-107.7,131.5
2026-09-25T03:44,0.2469,0.88,0.5240,-32.5,35.9,1.62,0.5331,-54.0,62.0,4.33,0.5331,-108.3,134.7
2026-09-25T03:45,0.2469,-0.19,0.4946,-33.0,34.2,0.24,0.5051,-54.4,59.5,3.26,0.5253,-107.5,131.5
2026-09-25T03:46,0.2469,-0.47,0.4865,-32.0,32.6,-0.42,0.4909,-53.0,56.6,1.94,0.5155,-104.7,125.4
2026-09-25T03:47,0.2469,-0.01,0.4996,-31.0,32.5,1.07,0.5237,-50.5,57.1,3.89,0.5316,-100.9,125.2
2026-09-25T03:48,0.2472,-0.19,0.4945,-31.1,32.3,0.68,0.5150,-50.9,56.6,2.09,0.5170,-102.7,123.4
2026-09-25T03:49,0.2471,-0.36,0.4896,-31.3,32.1,0.90,0.5199,-50.6,56.8,3.11,0.5251,-101.6,124.4
2026-09-25T03:50,0.2474,0.36,0.5101,-30.8,33.0,1.00,0.5219,-50.9,57.3,2.20,0.5176,-103.5,124.6
2026-09-25T03:51,0.2474,0.42,0.5118,-30.7,33.0,1.47,0.5323,-50.3,57.7,2.58,0.5207,-103.0,124.9
2026-09-25T03:52,0.2473,0.17,0.5048,-30.6,32.4,1.85,0.5408,-49.4,57.5,3.38,0.5275,-101.2,124.5
2026-09-25T03:53,0.2474,0.02,0.5006,-30.6,32.1,0.60,0.5133,-50.4,55.9,2.68,0.5219,-101.5,123.3
2026-09-25T03:54,0.2474,-0.41,0.4884,-30.9,31.6,0.44,0.5098,-50.3,55.6,2.05,0.5168,-101.8,122.3
2026-09-25T03:55,0.2476,0.06,0.5017,-30.5,32.1,0.72,0.5159,-50.2,56.0,2.09,0.5171,-102.1,122.8
2026-09-25T03:56,0.2477,0.50,0.5143,-30.0,32.5,1.10,0.5243,-49.7,56.3,2.21,0.5181,-101.9,122.8
2026-09-25T03:57,0.2478,0.31,0.5091,-29.8,31.9,0.68,0.5153,-49.4,55.1,0.56,0.5046,-102.2,119.6
2026-09-25T03:58,0.2475,0.81,0.5233,-29.5,32.6,0.99,0.5221,-49.5,55.8,1.14,0.5094,-102.6,121.2
2026-09-25T03:59,0.2477,0.92,0.5262,-29.5,32.8,1.14,0.5254,-49.5,56.1,1.80,0.5149,-102.3,122.3
2026-09-25T04:00,0.2477,0.50,0.5145,-29.5,32.0,0.75,0.5170,-49.3,55.1,1.11,0.5093,-101.8,120.3
2026-09-25T04:01,0.2476,1.03,0.5296,-28.8,32.4,1.59,0.5359,-48.2,55.6,2.80,0.5235,-99.6,121.4
2026-09-25T04:02,0.2476,0.32,0.5098,-27.8,29.8,0.33,0.5080,-46.5,51.1,1.81,0.5162,-94.7,113.5
2026-09-25T04:03,0.247,0.47,0.5137,-28.6,31.0,1.10,0.5253,-47.4,53.7,4.35,0.5373,-95.6,120.1
2026-09-25T04:04,0.2472,0.00,0.5001,-28.8,30.2,0.51,0.5120,-47.4,52.5,3.81,0.5329,-95.2,118.4
2026-09-25T04:05,0.2472,0.12,0.5037,-28.4,30.1,0.48,0.5112,-47.1,52.1,2.91,0.5253,-95.4,116.8
2026-09-25T04:06,0.2473,-0.25,0.4925,-28.5,29.4,0.06,0.5014,-47.1,51.2,1.79,0.5156,-95.8,114.8
2026-09-25T04:07,0.2481,-0.21,0.4941,-30.3,31.3,0.52,0.5115,-49.6,54.9,-0.01,0.4999,-103.8,120.2
2026-09-25T04:08,0.248,0.40,0.5112,-29.9,32.2,0.78,0.5173,-49.2,55.1,0.26,0.5021,-103.4,120.3
2026-09-25T04:09,0.2482,-0.15,0.4959,-30.6,31.8,-0.20,0.4956,-50.0,53.8,-0.82,0.4933,-104.1,118.8
2026-09-25T04:10,0.2479,0.28,0.5078,-30.2,32.2,0.37,0.5082,-49.3,54.3,1.93,0.5158,-101.3,121.5
2026-09-25T04:11,0.2477,-0.86,0.4761,-31.3,31.1,-0.15,0.4967,-49.9,53.8,2.07,0.5169,-101.4,121.8
2026-09-25T04:12,0.2475,0.15,0.5042,-30.3,32.1,0.19,0.5041,-49.6,54.2,3.35,0.5271,-100.3,123.4
2026-09-25T04:13,0.2474,0.65,0.5180,-29.6,32.4,0.97,0.5214,-48.5,54.7,4.01,0.5326,-99.1,123.4
2026-09-25T04:14,0.2473,1.34,0.5379,-28.6,32.8,2.04,0.5459,-46.5,54.7,3.84,0.5317,-97.3,121.0
2026-09-25T04:15,0.2476,0.06,0.5017,-30.2,31.8,0.63,0.5140,-48.2,53.7,1.45,0.5119,-100.6,119.6
2026-09-25T04:16,0.248,-0.12,0.4967,-30.8,32.1,0.26,0.5057,-49.4,54.1,-1.25,0.4899,-105.0,118.9
2026-09-25T04:17,0.2481,0.07,0.5020,-30.5,32.2,0.14,0.5032,-49.4,53.9,-0.72,0.4942,-104.3,119.2
2026-09-25T04:18,0.248,0.68,0.5189,-29.6,32.4,0.33,0.5074,-48.6,53.4,1.10,0.5090,-101.3,119.7
2026-09-25T04:19,0.2483,-0.40,0.4890,-31.2,31.9,-0.36,0.4921,-49.6,53.1,-0.27,0.4978,-103.5,119.3
2026-09-25T04:20,0.2479,0.63,0.5174,-30.2,32.9,0.22,0.5047,-49.1,53.7,2.34,0.5190,-101.1,122.1
2026-09-25T04:21,0.248,0.62,0.5171,-30.0,32.7,0.22,0.5050,-48.7,53.3,1.00,0.5082,-101.8,120.1
2026-09-25T04:22,0.2481,-0.17,0.4952,-30.7,31.8,0.01,0.5001,-48.8,53.0,0.93,0.5076,-101.7,119.8
2026-09-25T04:23,0.248,0.88,0.5245,-29.5,32.8,1.22,0.5271,-47.5,54.1,3.38,0.5277,-99.2,122.1
2026-09-25T04:24,0.2481,-0.70,0.4804,-31.0,31.1,-0.99,0.4781,-49.6,51.7,0.28,0.5023,-102.1,118.8
2026-09-25T04:25,0.2483,-0.63,0.4824,-30.9,31.1,-0.56,0.4875,-49.0,52.0,0.34,0.5028,-101.9,118.7
2026-09-25T04:26,0.2482,-0.63,0.4824,-30.8,31.1,-0.94,0.4792,-49.3,51.6,0.82,0.5068,-101.3,119.1
2026-09-25T04:27,0.2481,-0.27,0.4922,-30.2,31.2,-0.49,0.4891,-48.5,51.6,0.72,0.5060,-100.7,118.1
2026-09-25T04:28,0.248,0.21,0.5061,-29.4,31.3,-0.41,0.4908,-47.9,51.1,0.63,0.5053,-99.8,116.9
2026-09-25T04:29,0.2481,0.44,0.5126,-29.0,31.3,-0.02,0.4995,-47.1,51.1,0.60,0.5051,-99.2,116.1
2026-09-25T04:30,0.2481,0.40,0.5115,-28.9,31.1,-0.03,0.4994,-46.9,50.9,0.31,0.5027,-99.1,115.5
2026-09-25T04:31,0.2481,0.10,0.5029,-29.1,30.8,0.88,0.5202,-45.9,51.6,1.20,0.5102,-98.0,116.1
2026-09-25T04:32,0.2483,-0.74,0.4787,-30.0,30.0,-0.40,0.4909,-47.3,50.5,0.37,0.5032,-99.1,115.6
2026-09-25T04:33,0.2485,-0.60,0.4820,-28.8,28.9,-0.62,0.4854,-45.7,48.3,-0.67,0.4941,-96.5,110.3
2026-09-25T04:34,0.2487,-0.21,0.4938,-28.3,29.3,0.56,0.5133,-44.4,49.4,-0.01,0.4999,-95.7,110.8
2026-09-25T04:35,0.2486,0.53,0.5160,-27.5,29.9,0.79,0.5188,-44.1,49.5,1.25,0.5111,-94.3,111.9
2026-09-25T04:36,0.2491,-0.33,0.4903,-29.4,30.2,0.07,0.5015,-46.1,50.2,-0.96,0.4917,-99.4,113.0
2026-09-25T04:37,0.2491,0.31,0.5098,-26.9,28.8,0.47,0.5118,-42.2,46.7,0.04,0.5003,-91.0,105.4
2026-09-25T04:38,0.2494,-0.32,0.4900,-28.0,28.7,0.15,0.5037,-43.3,47.3,-1.18,0.4891,-93.1,105.3
2026-09-25T04:39,0.2496,0.31,0.5096,-27.6,29.6,0.57,0.5141,-43.2,48.1,-0.19,0.4983,-92.0,106.2
2026-09-25T04:40,0.2498,-0.16,0.4949,-28.1,29.2,0.17,0.5041,-43.7,47.8,-1.22,0.4886,-92.4,104.4
2026-09-25T04:41,0.2497,1.25,0.5391,-26.5,30.4,0.96,0.5239,-43.1,48.8,0.31,0.5029,-90.4,105.4
2026-09-25T04:42,0.2496,1.02,0.5322,-26.4,29.8,0.30,0.5075,-43.6,48.0,-0.80,0.4924,-90.4,103.0
2026-09-25T04:43,0.2496,1.23,0.5388,-26.1,29.9,0.19,0.5048,-44.0,48.1,-0.49,0.4954,-89.8,103.0
2026-09-25T04:44,0.2496,-0.33,0.4894,-27.5,28.2,-1.13,0.4715,-45.6,47.1,-1.24,0.4881,-90.3,101.9
2026-09-25T04:45,0.2493,0.93,0.5295,-26.3,29.5,-0.02,0.4994,-44.4,48.2,0.01,0.5001,-89.1,103.2
2026-09-25T04:46,0.2493,-0.14,0.4957,-26.7,27.7,-1.04,0.4732,-44.4,46.0,-0.90,0.4912,-87.9,99.9
2026-09-25T04:47,0.2491,0.21,0.5066,-26.4,28.1,-0.69,0.4823,-44.1,46.4,0.99,0.5097,-86.2,102.0
2026-09-25T04:48,0.2486,0.05,0.5014,-27.7,29.1,-0.16,0.4959,-45.0,48.5,3.61,0.5342,-86.6,108.1
2026-09-25T04:49,0.2484,0.30,0.5091,-27.4,29.4,-0.67,0.4832,-45.1,47.5,2.33,0.5224,-87.1,105.9
2026-09-25T04:50,0.2482,0.11,0.5033,-27.4,29.0,-0.41,0.4896,-44.0,46.9,3.16,0.5308,-84.7,104.9
2026-09-25T04:51,0.2481,0.93,0.5290,-26.8,30.0,-0.05,0.4986,-43.5,47.1,4.28,0.5417,-83.5,105.9
2026-09-25T04:52,0.2481,-0.13,0.4961,-28.0,29.1,-0.85,0.4786,-44.2,46.2,2.45,0.5240,-85.1,103.8
2026-09-25T04:53,0.2483,-0.56,0.4825,-28.5,28.8,-1.09,0.4727,-45.0,46.5,1.25,0.5122,-86.6,102.9
2026-09-25T04:54,0.2483,-0.04,0.4987,-27.9,29.1,-0.58,0.4854,-44.7,47.3,2.55,0.5250,-84.9,103.8
2026-09-25T04:55,0.2484,-0.74,0.4771,-28.4,28.3,-0.88,0.4779,-45.1,47.2,1.62,0.5160,-85.4,102.4
2026-09-25T04:56,0.2483,0.66,0.5208,-26.9,29.6,0.94,0.5238,-43.7,49.4,2.75,0.5272,-84.2,103.5
2026-09-25T04:57,0.2482,1.04,0.5325,-26.5,29.9,0.89,0.5223,-44.1,49.7,3.75,0.5370,-83.2,104.4
2026-09-25T04:58,0.2481,-0.65,0.4796,-28.1,28.2,-0.75,0.4811,-46.1,48.5,1.94,0.5192,-84.8,102.4
2026-09-25T04:59,0.248,0.76,0.5238,-26.7,29.5,0.27,0.5068,-45.4,49.8,2.12,0.5210,-84.5,102.5
2026-09-25T05:00,0.248,0.27,0.5085,-27.1,29.0,0.10,0.5025,-45.9,50.1,1.31,0.5130,-85.2,101.5
2026-09-25T05:01,0.2482,0.60,0.5190,-26.6,29.1,0.80,0.5203,-44.9,50.4,1.38,0.5138,-84.7,101.0
2026-09-25T05:02,0.2483,0.05,0.5015,-26.9,28.3,0.43,0.5110,-45.0,49.7,1.64,0.5164,-83.9,100.6
2026-09-25T05:03,0.2481,-0.06,0.4980,-26.9,28.1,-0.08,0.4979,-45.2,48.9,3.01,0.5304,-82.1,101.6
2026-09-25T05:04,0.2479,0.29,0.5092,-26.5,28.4,0.54,0.5139,-44.5,49.5,3.41,0.5345,-81.7,102.0
2026-09-25T05:05,0.2477,-0.51,0.4840,-27.3,27.7,-0.13,0.4968,-45.3,48.9,3.73,0.5376,-81.6,102.6
2026-09-25T05:06,0.2479,-0.90,0.4705,-26.8,26.3,-0.19,0.4950,-43.8,47.1,1.95,0.5204,-80.5,97.5
2026-09-25T05:07,0.2475,0.09,0.5029,-26.7,28.2,0.76,0.5198,-43.9,49.2,4.04,0.5410,-80.5,101.9
2026-09-25T05:08,0.2477,-0.32,0.4897,-26.9,27.6,0.36,0.5094,-43.9,48.4,3.18,0.5326,-80.8,100.4
2026-09-25T05:09,0.2482,-0.21,0.4935,-27.6,28.5,1.10,0.5278,-44.5,50.6,1.94,0.5193,-84.5,102.1
2026-09-25T05:10,0.2484,-0.24,0.4925,-27.8,28.7,0.59,0.5151,-44.9,50.0,0.51,0.5051,-85.9,100.6
2026-09-25T05:11,0.2478,0.48,0.5143,-28.4,30.8,1.41,0.5339,-46.3,53.2,3.71,0.5352,-87.0,108.7
2026-09-25T05:12,0.2478,0.77,0.5228,-28.0,31.0,1.24,0.5300,-46.3,52.8,3.07,0.5292,-87.4,107.8
2026-09-25T05:13,0.2479,-0.56,0.4834,-29.3,29.6,-0.25,0.4939,-47.7,51.3,1.23,0.5117,-89.2,105.9
2026-09-25T05:14,0.2473,0.11,0.5030,-30.3,32.0,0.40,0.5093,-49.2,54.2,4.15,0.5377,-90.4,113.7
2026-09-25T05:15,0.2477,-0.13,0.4964,-31.0,32.3,0.15,0.5035,-49.8,54.4,1.47,0.5132,-93.9,111.9
2026-09-25T05:16,0.248,0.28,0.5078,-30.9,33.0,0.93,0.5210,-49.5,55.7,1.91,0.5171,-94.4,113.5
2026-09-25T05:17,0.248,0.71,0.5202,-29.9,32.8,1.75,0.5400,-47.7,55.4,2.85,0.5259,-91.7,112.4
2026-09-25T05:18,0.2476,0.68,0.5197,-29.6,32.5,1.33,0.5307,-47.7,54.5,2.61,0.5238,-91.2,111.2
2026-09-25T05:19,0.2478,0.13,0.5036,-30.1,31.8,0.51,0.5117,-48.4,53.5,1.98,0.5181,-91.6,110.4
2026-09-25T05:20,0.2476,0.54,0.5156,-29.4,32.0,0.83,0.5192,-47.6,53.4,1.95,0.5179,-91.0,109.6
2026-09-25T05:21,0.2478,-0.41,0.4880,-30.4,31.1,0.08,0.5018,-48.5,52.8,0.91,0.5083,-92.3,108.9
2026-09-25T05:22,0.2472,0.56,0.5154,-31.0,33.6,1.52,0.5336,-49.0,56.3,4.10,0.5360,-92.9,116.4
2026-09-25T05:23,0.2469,0.71,0.5195,-30.9,33.9,1.75,0.5384,-48.9,56.7,3.84,0.5335,-93.5,116.6
2026-09-25T05:24,0.2472,0.66,0.5179,-31.2,34.1,1.41,0.5306,-49.6,56.8,3.76,0.5325,-94.5,117.5
2026-09-25T05:25,0.2474,0.04,0.5012,-31.9,33.5,0.58,0.5126,-50.5,56.0,1.51,0.5130,-96.9,115.5
2026-09-25T05:26,0.2475,-0.13,0.4966,-31.9,33.2,0.56,0.5120,-50.3,55.8,0.42,0.5037,-97.8,114.1
2026-09-25T05:27,0.2475,0.60,0.5164,-31.1,33.8,1.20,0.5259,-49.5,56.2,1.21,0.5104,-96.7,114.6
2026-09-25T05:28,0.2472,1.22,0.5330,-30.6,34.6,1.64,0.5351,-49.3,56.9,1.91,0.5164,-96.5,115.9
2026-09-25T05:29,0.2473,-0.04,0.4990,-31.8,33.3,0.34,0.5072,-50.5,55.5,0.74,0.5063,-97.6,114.6
2026-09-25T05:30,0.2471,0.08,0.5023,-31.5,33.3,1.43,0.5307,-49.2,56.4,4.17,0.5357,-93.9,117.8
2026-09-25T05:31,0.2469,1.05,0.5288,-30.4,34.1,2.07,0.5443,-48.4,56.8,5.13,0.5440,-92.6,118.3
2026-09-25T05:32,0.2467,1.23,0.5334,-30.6,34.6,1.96,0.5416,-48.9,57.2,5.41,0.5462,-92.4,118.7
2026-09-25T05:33,0.2468,0.99,0.5267,-30.6,34.1,2.13,0.5453,-48.5,57.0,4.14,0.5357,-93.2,116.9
2026-09-25T05:34,0.2465,1.82,0.5489,-30.2,35.5,3.12,0.5657,-48.2,58.8,5.36,0.5458,-92.5,118.7
2026-09-25T05:35,0.2474,-0.07,0.4982,-34.7,36.2,0.76,0.5148,-54.6,60.9,1.29,0.5102,-104.4,123.7
2026-09-25T05:36,0.2477,0.05,0.5012,-34.6,36.4,1.24,0.5241,-54.3,61.5,1.06,0.5084,-105.0,123.8
2026-09-25T05:37,0.2477,0.28,0.5071,-34.2,36.4,0.48,0.5095,-54.2,59.8,0.38,0.5030,-104.1,121.4
2026-09-25T05:38,0.2478,0.20,0.5052,-34.4,36.5,0.75,0.5149,-53.6,59.7,1.22,0.5098,-102.7,121.6
2026-09-25T05:39,0.2483,0.02,0.5005,-34.8,36.6,0.34,0.5067,-53.8,59.1,-0.89,0.4929,-104.6,119.2
2026-09-25T05:40,0.2481,0.72,0.5188,-34.0,37.2,0.83,0.5167,-53.2,59.4,-0.04,0.4997,-103.6,119.9
2026-09-25T05:41,0.2478,0.53,0.5141,-33.3,36.1,-0.01,0.4998,-52.6,57.1,0.26,0.5021,-100.8,117.2
2026-09-25T05:42,0.2474,0.70,0.5185,-33.6,36.7,0.41,0.5082,-52.9,58.2,1.07,0.5087,-101.3,119.6
2026-09-25T05:43,0.2476,-0.68,0.4823,-35.0,35.3,-1.02,0.4793,-54.4,56.9,-1.51,0.4878,-104.1,117.3
2026-09-25T05:44,0.2476,-0.41,0.4890,-33.5,34.3,-0.26,0.4945,-51.7,55.6,0.98,0.5082,-98.1,115.7
2026-09-25T05:45,0.2477,-0.19,0.4947,-32.7,33.9,-0.76,0.4837,-51.3,54.0,-0.91,0.4922,-98.3,111.8
2026-09-25T05:46,0.2476,0.57,0.5156,-31.6,34.3,0.05,0.5011,-49.9,54.3,0.32,0.5028,-96.1,112.0
2026-09-25T05:47,0.2477,-0.27,0.4925,-32.4,33.4,-1.34,0.4710,-51.3,52.8,-0.90,0.4922,-97.3,110.7
2026-09-25T05:48,0.2477,-0.51,0.4859,-32.0,32.6,-1.45,0.4678,-50.4,51.7,-1.54,0.4865,-96.2,108.1
2026-09-25T05:49,0.2476,0.65,0.5181,-30.7,33.6,-0.23,0.4949,-49.0,52.7,-0.22,0.4981,-94.5,109.0
2026-09-25T05:50,0.2477,0.09,0.5025,-31.1,32.8,0.42,0.5094,-48.1,53.0,1.51,0.5132,-92.4,110.3
2026-09-25T05:51,0.2477,-1.02,0.4712,-32.0,31.5,-0.73,0.4835,-48.9,51.6,1.63,0.5143,-91.8,109.8
2026-09-25T05:52,0.2476,0.03,0.5008,-29.8,31.3,0.00,0.5000,-46.3,50.2,1.72,0.5156,-88.1,105.7
2026-09-25T05:53,0.2474,0.07,0.5021,-29.4,31.0,-0.35,0.4917,-46.1,49.3,2.40,0.5219,-86.5,105.4
2026-09-25T05:54,0.2475,-0.23,0.4931,-29.4,30.3,-0.29,0.4931,-45.5,48.8,0.65,0.5060,-87.4,102.6
2026-09-25T05:55,0.2475,0.22,0.5067,-28.7,30.6,0.08,0.5019,-44.9,48.9,1.61,0.5149,-85.9,102.9
2026-09-25T05:56,0.2475,0.54,0.5164,-28.3,30.8,1.48,0.5353,-43.3,50.1,3.31,0.5306,-84.0,104.4
2026-09-25T05:57,0.2475,-0.65,0.4804,-29.4,29.5,0.20,0.5049,-44.5,48.7,2.01,0.5186,-85.2,103.0
2026-09-25T05:58,0.2475,-0.47,0.4857,-28.9,29.3,0.41,0.5099,-43.7,48.3,2.13,0.5199,-84.0,101.9
2026-09-25T05:59,0.2474,0.76,0.5233,-27.5,30.4,1.72,0.5418,-42.2,49.4,4.25,0.5395,-81.7,103.8
2026-09-25T06:00,0.2475,-0.05,0.4985,-28.2,29.5,0.97,0.5236,-42.8,48.4,3.18,0.5297,-82.4,102.2
2026-09-25T06:01,0.2476,-0.43,0.4865,-28.4,28.9,-0.04,0.4991,-43.5,47.1,1.43,0.5134,-83.6,99.9
2026-09-25T06:02,0.248,-0.51,0.4844,-28.4,28.8,-0.27,0.4935,-43.7,46.9,-0.95,0.4911,-86.1,97.6
2026-09-25T06:03,0.2481,-0.09,0.4974,-27.9,29.1,0.32,0.5077,-42.9,47.2,0.10,0.5010,-84.7,98.4
2026-09-25T06:04,0.2481,0.66,0.5209,-26.7,29.4,0.50,0.5123,-42.1,46.7,0.15,0.5014,-83.4,96.9
2026-09-25T06:05,0.2484,0.02,0.5007,-24.9,26.2,0.20,0.5055,-38.2,41.8,-0.37,0.4961,-75.8,87.0
2026-09-25T06:06,0.248,0.42,0.5143,-24.8,26.9,0.67,0.5181,-38.1,42.8,0.38,0.5040,-76.0,88.8
2026-09-25T06:07,0.248,-0.08,0.4973,-25.2,26.3,-0.10,0.4973,-38.8,41.9,0.79,0.5083,-75.4,89.0
2026-09-25T06:08,0.248,0.15,0.5053,-24.9,26.4,0.69,0.5187,-37.8,42.5,0.36,0.5038,-75.6,88.3
2026-09-25T06:09,0.2476,0.15,0.5051,-24.5,26.0,1.51,0.5413,-36.3,42.6,3.12,0.5333,-71.6,89.6
2026-09-25T06:10,0.2474,-0.19,0.4934,-25.0,25.8,0.35,0.5097,-37.4,41.3,2.84,0.5302,-71.8,89.3
2026-09-25T06:11,0.2471,0.52,0.5180,-24.5,26.8,1.18,0.5321,-36.5,42.1,3.28,0.5349,-71.3,89.6
2026-09-25T06:12,0.2468,0.56,0.5196,-24.3,26.7,1.13,0.5311,-36.0,41.5,4.06,0.5436,-69.5,89.3
2026-09-25T06:13,0.247,-0.17,0.4940,-25.2,26.1,0.15,0.5042,-36.9,40.4,3.43,0.5369,-70.0,88.5
2026-09-25T06:14,0.2475,0.27,0.5092,-25.9,27.7,0.26,0.5070,-38.4,42.2,1.50,0.5155,-75.2,90.3
2026-09-25T06:15,0.2471,0.88,0.5291,-25.8,28.9,1.39,0.5360,-38.0,44.2,2.57,0.5259,-75.8,93.3
2026-09-25T06:16,0.2474,0.12,0.5038,-26.7,28.3,0.20,0.5052,-39.5,43.3,1.94,0.5194,-77.0,93.3
2026-09-25T06:17,0.2477,-0.25,0.4919,-27.6,28.4,0.09,0.5024,-39.9,43.5,1.57,0.5155,-78.1,93.8
2026-09-25T06:18,0.2477,0.68,0.5222,-26.7,29.4,0.37,0.5096,-39.2,43.4,0.58,0.5058,-78.3,92.0
2026-09-25T06:19,0.2483,0.08,0.5024,-29.0,30.6,0.24,0.5058,-41.4,45.4,-1.14,0.4892,-84.2,95.1
2026-09-25T06:20,0.2488,0.31,0.5095,-29.9,32.0,0.41,0.5096,-42.5,47.0,-0.67,0.4938,-86.4,98.6
2026-09-25T06:21,0.2487,0.86,0.5261,-29.7,32.9,0.24,0.5056,-42.7,46.8,-1.25,0.4886,-87.0,98.1
2026-09-25T06:22,0.2488,0.02,0.5008,-30.7,32.3,-0.26,0.4938,-43.1,46.2,-1.09,0.4900,-86.8,98.1
2026-09-25T06:23,0.249,-0.38,0.4884,-31.4,32.2,-0.79,0.4814,-43.6,45.6,-1.92,0.4823,-87.5,97.2
2026-09-25T06:24,0.2489,0.29,0.5089,-30.7,32.8,-0.47,0.4890,-43.6,46.3,-1.40,0.4871,-86.9,97.6
2026-09-25T06:25,0.2485,0.25,0.5074,-31.3,33.4,-0.59,0.4863,-45.0,47.6,0.58,0.5052,-86.7,101.6
2026-09-25T06:26,0.2483,0.45,0.5131,-31.2,33.7,-0.63,0.4854,-45.6,48.1,0.75,0.5068,-86.8,102.2
2026-09-25T06:27,0.2478,0.63,0.5180,-32.3,35.1,-0.36,0.4919,-46.6,49.8,1.56,0.5136,-88.6,106.0
2026-09-25T06:28,0.2476,0.78,0.5222,-32.4,35.6,-0.51,0.4885,-46.7,49.6,1.33,0.5116,-88.9,105.8
2026-09-25T06:29,0.2476,1.23,0.5351,-32.2,36.3,0.37,0.5084,-45.7,50.3,2.46,0.5215,-87.6,106.7
2026-09-25T06:30,0.2482,-0.55,0.4851,-35.2,35.8,-0.98,0.4787,-49.2,51.4,-1.25,0.4894,-94.8,107.0
2026-09-25T06:31,0.2483,-0.54,0.4852,-35.1,35.8,-1.43,0.4688,-49.6,50.8,-1.47,0.4876,-94.9,106.7
2026-09-25T06:32,0.2482,-0.02,0.4994,-34.0,35.7,-0.82,0.4819,-48.2,50.6,-1.32,0.4886,-93.3,105.1
2026-09-25T06:33,0.2473,0.53,0.5135,-36.4,39.3,-0.30,0.4939,-51.7,55.5,1.48,0.5118,-98.4,117.1
2026-09-25T06:34,0.2475,0.21,0.5053,-36.7,39.0,-1.01,0.4794,-52.4,54.8,-0.26,0.4979,-100.2,115.5
2026-09-25T06:35,0.2475,0.84,0.5214,-35.7,39.2,-0.17,0.4965,-51.6,55.6,0.35,0.5028,-98.7,115.0
2026-09-25T06:36,0.2472,0.20,0.5052,-36.2,38.4,-0.54,0.4889,-51.7,55.0,1.99,0.5161,-95.8,115.2
2026-09-25T06:37,0.247,-0.47,0.4880,-37.3,38.2,-1.06,0.4782,-52.9,55.2,0.93,0.5075,-97.1,114.5
2026-09-25T06:38,0.2469,0.39,0.5100,-36.4,39.0,0.15,0.5031,-52.1,56.8,2.04,0.5164,-95.9,115.5
2026-09-25T06:39,0.2469,-0.47,0.4877,-36.6,37.5,-0.85,0.4821,-52.7,55.4,1.39,0.5114,-95.0,113.1
2026-09-25T06:40,0.2473,-0.27,0.4931,-36.7,38.0,-0.29,0.4939,-53.1,57.0,0.23,0.5019,-97.1,112.9
2026-09-25T06:41,0.2473,-0.14,0.4964,-36.2,37.7,-0.23,0.4951,-52.5,56.5,0.22,0.5018,-96.1,111.8
2026-09-25T06:42,0.2472,-0.62,0.4838,-36.3,36.8,-0.71,0.4850,-52.4,55.4,-0.52,0.4957,-96.0,110.0
2026-09-25T06:43,0.2473,-0.16,0.4959,-35.6,37.0,-0.74,0.4842,-52.1,55.0,-1.11,0.4908,-96.0,108.7
2026-09-25T06:44,0.2474,-0.70,0.4812,-35.3,35.6,-1.27,0.4722,-51.3,53.1,-2.30,0.4805,-94.9,105.0
2026-09-25T06:45,0.2473,-0.01,0.4996,-34.0,35.6,-0.75,0.4834,-50.0,52.7,0.48,0.5042,-90.7,106.1
2026-09-25T06:46,0.2475,-0.33,0.4908,-33.8,34.8,-0.88,0.4802,-49.4,51.8,-1.57,0.4863,-91.5,102.6
2026-09-25T06:47,0.2467,0.47,0.5123,-35.0,37.7,0.49,0.5103,-51.4,56.8,1.13,0.5093,-94.3,111.6
2026-09-25T06:48,0.2467,0.21,0.5054,-35.2,37.4,0.23,0.5048,-51.6,56.4,1.61,0.5132,-93.7,111.9
2026-09-25T06:49,0.2469,-0.23,0.4939,-34.5,35.8,0.20,0.5044,-50.0,54.7,0.83,0.5070,-91.6,107.8
2026-09-25T06:50,0.2469,-0.18,0.4950,-33.5,34.8,0.49,0.5111,-48.3,53.4,0.50,0.5044,-89.4,104.6
2026-09-25T06:51,0.2471,0.18,0.5051,-33.2,35.2,1.74,0.5391,-47.1,54.8,2.57,0.5222,-87.5,106.9
2026-09-25T06:52,0.2471,0.39,0.5109,-32.9,35.3,1.42,0.5318,-47.3,54.3,1.67,0.5144,-88.2,105.8
2026-09-25T06:53,0.2473,0.13,0.5036,-33.1,35.0,1.03,0.5233,-47.6,53.8,1.16,0.5100,-88.6,105.2
2026-09-25T06:54,0.2473,-0.41,0.4886,-33.5,34.3,0.01,0.5003,-48.4,52.6,-0.10,0.4992,-89.7,103.7
2026-09-25T06:55,0.2474,0.10,0.5029,-32.4,34.2,0.66,0.5151,-46.9,52.3,-0.17,0.4985,-88.3,101.9
2026-09-25T06:56,0.2474,0.40,0.5115,-31.9,34.3,0.44,0.5102,-46.8,51.7,-0.90,0.4921,-88.5,100.5
2026-09-25T06:57,0.2473,0.52,0.5152,-30.9,33.5,1.01,0.5239,-44.9,50.9,-0.17,0.4984,-85.4,98.6
2026-09-25T06:58,0.2472,0.05,0.5015,-31.1,32.8,0.55,0.5130,-45.1,50.0,0.02,0.5002,-84.7,98.1
2026-09-25T06:59,0.2472,0.18,0.5054,-30.9,32.8,0.49,0.5117,-45.0,49.9,0.95,0.5086,-83.7,99.0
2026-09-25T07:00,0.2474,0.26,0.5080,-29.7,31.7,0.36,0.5090,-43.4,47.9,-0.73,0.4932,-82.2,93.6
2026-09-25T07:01,0.2473,-0.43,0.4869,-30.3,30.9,0.50,0.5122,-43.2,47.9,0.10,0.5009,-81.3,94.4
2026-09-25T07:02,0.2473,-0.06,0.4983,-29.8,31.2,0.29,0.5071,-43.2,47.5,0.71,0.5066,-80.5,94.7
2026-09-25T07:03,0.2477,-0.58,0.4807,-27.8,28.0,0.14,0.5037,-39.7,43.4,-0.76,0.4922,-75.2,85.4
2026-09-25T07:04,0.2474,0.41,0.5134,-27.0,29.2,2.04,0.5544,-38.1,45.6,1.76,0.5179,-73.2,88.5
2026-09-25T07:05,0.2479,-0.26,0.4917,-28.6,29.5,-0.11,0.4971,-41.6,44.9,-1.53,0.4851,-79.1,88.3
2026-09-25T07:06,0.2481,-1.13,0.4639,-29.5,28.7,-0.90,0.4765,-42.1,43.8,-2.76,0.4729,-79.8,86.5
2026-09-25T07:07,0.248,0.12,0.5037,-28.1,29.7,0.55,0.5143,-40.4,44.9,-0.53,0.4947,-77.2,88.3
2026-09-25T07:08,0.247,0.25,0.5069,-32.2,34.3,-0.71,0.4836,-47.3,49.8,1.51,0.5131,-85.8,102.7
2026-09-25T07:09,0.2476,-0.71,0.4806,-34.5,34.7,-1.52,0.4665,-49.9,51.0,-2.11,0.4825,-93.0,103.1
2026-09-25T07:10,0.2476,0.59,0.5164,-32.5,35.3,-0.31,0.4931,-47.8,51.2,-0.47,0.4960,-89.7,102.8
2026-09-25T07:11,0.2476,-0.25,0.4930,-33.2,34.4,-1.10,0.4753,-48.4,50.3,-1.52,0.4871,-90.6,101.6
2026-09-25T07:12,0.247,-0.33,0.4912,-34.8,35.9,-1.76,0.4620,-50.8,51.4,0.53,0.5044,-91.8,107.4
2026-09-25T07:13,0.2472,-0.56,0.4849,-35.1,35.6,-1.40,0.4698,-50.4,51.8,0.24,0.5020,-92.1,107.2
2026-09-25T07:14,0.2469,0.87,0.5234,-33.8,37.3,-0.05,0.4989,-49.3,53.4,1.58,0.5128,-91.5,109.3
2026-09-25T07:15,0.2473,-0.24,0.4937,-35.3,36.6,-1.16,0.4755,-51.0,53.0,-0.95,0.4923,-95.2,108.1
2026-09-25T07:16,0.2475,-0.03,0.4992,-34.9,36.6,-0.68,0.4855,-50.3,53.1,-1.04,0.4916,-94.8,107.6
2026-09-25T07:17,0.2479,-0.13,0.4963,-33.8,35.2,-0.71,0.4843,-48.0,50.6,-2.40,0.4797,-92.0,101.3
2026-09-25T07:18,0.2482,-0.36,0.4902,-34.6,35.5,-0.61,0.4866,-48.2,51.1,-1.37,0.4885,-91.6,103.2
2026-09-25T07:19,0.2483,-0.50,0.4863,-34.9,35.6,-1.53,0.4660,-48.9,49.9,-2.06,0.4827,-92.0,102.1
2026-09-25T07:20,0.2485,-0.50,0.4863,-35.3,36.0,-1.40,0.4691,-48.9,50.2,-1.76,0.4852,-92.0,102.7
2026-09-25T07:21,0.2486,-0.90,0.4752,-35.9,35.8,-2.41,0.4470,-49.7,48.9,-3.15,0.4735,-93.0,100.9
2026-09-25T07:22,0.2486,0.01,0.5004,-34.9,36.6,-1.54,0.4660,-48.7,49.6,-2.44,0.4794,-92.1,101.4
2026-09-25T07:23,0.2486,-0.56,0.4845,-35.2,35.8,-2.10,0.4535,-49.4,49.2,-1.99,0.4831,-91.2,101.3
2026-09-25T07:24,0.2488,-1.35,0.4631,-36.1,35.1,-2.17,0.4524,-49.6,49.3,-2.75,0.4768,-92.3,100.9
2026-09-25T07:25,0.2488,-0.06,0.4983,-34.7,36.3,-1.11,0.4756,-48.4,50.2,-1.61,0.4864,-90.9,101.8
2026-09-25T07:26,0.2486,0.93,0.5254,-33.8,37.4,-0.32,0.4930,-47.7,51.1,-0.55,0.4953,-90.2,103.2
2026-09-25T07:27,0.2487,-0.84,0.4771,-35.5,35.5,-1.66,0.4639,-49.4,50.1,-1.64,0.4862,-91.1,101.9
2026-09-25T07:28,0.2483,0.83,0.5223,-34.3,37.7,-0.48,0.4897,-48.9,52.0,-0.38,0.4969,-91.1,104.7
2026-09-25T07:29,0.2482,0.83,0.5225,-34.2,37.6,-0.42,0.4910,-48.8,52.0,0.54,0.5045,-90.2,105.7
2026-09-25T07:30,0.2484,0.19,0.5050,-34.8,36.9,-0.35,0.4925,-48.6,52.0,1.75,0.5146,-88.9,106.7
2026-09-25T07:31,0.2484,0.22,0.5059,-34.6,36.8,-0.53,0.4888,-48.6,51.6,2.03,0.5169,-88.4,106.7
2026-09-25T07:32,0.2479,-0.22,0.4942,-35.7,37.0,-1.16,0.4757,-50.1,51.9,2.69,0.5219,-89.4,109.4
2026-09-25T07:33,0.2478,-1.03,0.4723,-35.9,35.6,-1.80,0.4618,-49.9,50.4,1.97,0.5163,-88.7,107.0
2026-09-25T07:34,0.2476,-1.53,0.4591,-36.2,34.8,-2.29,0.4511,-50.1,49.5,1.00,0.5083,-89.2,105.4
2026-09-25T07:35,0.2473,0.36,0.5097,-34.1,36.5,-0.53,0.4885,-47.5,50.5,3.54,0.5299,-85.3,106.4
2026-09-25T07:36,0.247,0.74,0.5198,-34.2,37.4,0.24,0.5053,-47.4,52.0,3.73,0.5313,-85.5,107.1
2026-09-25T07:37,0.2474,-0.53,0.4859,-35.9,36.6,-0.66,0.4858,-48.9,51.7,1.97,0.5163,-88.4,106.7
2026-09-25T07:38,0.2471,-0.53,0.4843,-32.8,33.3,-1.40,0.4669,-45.8,46.8,1.27,0.5116,-81.2,96.8
2026-09-25T07:39,0.2467,0.16,0.5048,-31.7,33.6,-0.57,0.4861,-44.4,47.0,1.96,0.5181,-78.8,95.5
2026-09-25T07:40,0.2464,0.33,0.5097,-32.1,34.3,-0.52,0.4875,-45.2,48.0,3.11,0.5284,-78.4,97.5
2026-09-25T07:41,0.2465,-0.59,0.4825,-33.0,33.4,-1.34,0.4679,-46.4,47.6,2.09,0.5191,-79.4,96.5
2026-09-25T07:42,0.2467,-0.08,0.4976,-31.2,32.6,-0.54,0.4865,-44.3,47.0,1.09,0.5104,-77.4,92.0
2026-09-25T07:43,0.2472,-1.01,0.4699,-33.0,32.5,-1.14,0.4721,-46.1,47.6,-0.21,0.4981,-80.8,93.1
2026-09-25T07:44,0.2471,-1.22,0.4633,-32.8,31.9,-1.78,0.4562,-46.1,46.4,-0.92,0.4914,-80.5,91.3
2026-09-25T07:45,0.2474,-1.41,0.4571,-33.0,31.7,-1.23,0.4694,-45.2,46.5,-1.35,0.4873,-80.3,90.1
2026-09-25T07:46,0.2478,-0.78,0.4768,-33.1,33.2,-0.93,0.4771,-45.5,47.5,-1.64,0.4848,-81.9,91.2
2026-09-25T07:47,0.2479,0.07,0.5021,-32.0,33.7,-0.25,0.4938,-44.0,47.2,-1.35,0.4873,-80.1,89.8
2026-09-25T07:48,0.248,-0.19,0.4941,-31.8,33.0,-0.32,0.4918,-43.5,46.5,-0.39,0.4963,-78.2,89.7
2026-09-25T07:49,0.2483,-0.34,0.4898,-32.6,33.5,-0.85,0.4790,-44.4,46.4,-1.85,0.4826,-80.4,89.2
2026-09-25T07:50,0.2484,0.43,0.5129,-31.9,34.4,-0.09,0.4976,-43.4,46.9,-1.27,0.4879,-79.4,89.2
2026-09-25T07:51,0.2486,-0.09,0.4973,-32.5,33.9,-0.44,0.4891,-44.2,47.1,-1.33,0.4874,-79.7,89.4
2026-09-25T07:52,0.2486,-1.14,0.4664,-33.5,32.8,-1.30,0.4680,-45.0,46.1,-0.77,0.4927,-79.1,89.9
2026-09-25T07:53,0.249,-0.67,0.4806,-34.0,34.3,-1.12,0.4731,-46.1,47.7,-2.93,0.4728,-82.8,89.5
2026-09-25T07:54,0.2489,0.28,0.5082,-32.8,35.0,-0.18,0.4957,-45.4,48.9,-1.47,0.4863,-81.0,90.6
2026-09-25T07:55,0.2492,-0.58,0.4833,-34.0,34.5,-0.80,0.4810,-46.8,49.2,-1.99,0.4817,-82.3,91.0
2026-09-25T07:56,0.2492,0.37,0.5106,-32.8,35.2,-0.20,0.4951,-46.4,49.9,-1.26,0.4883,-81.1,91.2
2026-09-25T07:57,0.2493,0.96,0.5275,-32.2,35.7,0.37,0.5088,-46.2,50.9,-1.00,0.4907,-80.8,91.4
2026-09-25T07:58,0.2491,0.46,0.5134,-32.1,34.6,-0.26,0.4937,-46.5,50.0,-1.21,0.4886,-79.8,89.7
2026-09-25T07:59,0.2493,-1.00,0.4712,-33.6,33.2,-1.66,0.4604,-48.5,49.1,-1.94,0.4819,-80.7,89.2
2026-09-25T08:00,0.2495,-1.00,0.4712,-33.6,33.2,-1.54,0.4632,-48.7,49.7,-1.69,0.4843,-80.4,89.4
2026-09-25T08:01,0.2497,0.49,0.5141,-32.2,34.8,1.12,0.5265,-46.7,53.0,-0.44,0.4959,-79.8,91.5
2026-09-25T08:02,0.2497,0.66,0.5195,-31.0,33.9,1.18,0.5287,-45.6,52.0,-0.79,0.4924,-78.2,88.9
2026-09-25T08:03,0.2496,0.04,0.5011,-31.4,33.0,0.11,0.5027,-46.8,51.0,-0.49,0.4953,-77.4,88.6
2026-09-25T08:04,0.2491,0.59,0.5174,-31.7,34.4,-0.10,0.4976,-48.3,52.2,-0.74,0.4930,-79.8,90.7
2026-09-25T08:05,0.2492,0.19,0.5057,-31.7,33.7,-0.56,0.4867,-48.2,51.1,-1.27,0.4880,-79.5,89.3
2026-09-25T08:06,0.249,0.64,0.5192,-31.0,33.9,-0.47,0.4886,-47.7,50.8,-1.12,0.4893,-78.8,88.8
2026-09-25T08:07,0.2489,-0.82,0.4749,-31.8,31.7,-1.59,0.4608,-47.4,48.2,-2.33,0.4773,-77.8,85.0
2026-09-25T08:08,0.2493,-0.49,0.4853,-31.8,32.3,-1.38,0.4665,-47.6,48.8,-1.87,0.4820,-78.1,86.4
2026-09-25T08:09,0.2493,-0.14,0.4958,-30.7,32.0,-0.84,0.4790,-46.0,48.2,-2.28,0.4775,-76.8,84.0
2026-09-25T08:10,0.2494,-1.27,0.4601,-31.4,30.4,-1.70,0.4574,-46.3,46.7,-2.92,0.4710,-76.5,82.3
2026-09-25T08:11,0.2496,-1.19,0.4628,-31.4,30.5,-1.81,0.4549,-46.5,46.7,-3.00,0.4703,-76.8,82.5
2026-09-25T08:12,0.2498,-0.70,0.4783,-31.2,31.3,-1.41,0.4647,-46.0,47.0,-2.89,0.4714,-77.0,82.9
2026-09-25T08:13,0.2496,0.05,0.5017,-29.5,31.1,-0.63,0.4839,-43.9,46.3,-1.64,0.4833,-73.6,81.7
2026-09-25T08:14,0.2495,-0.37,0.4882,-29.9,30.6,-0.98,0.4748,-44.1,45.9,-1.38,0.4859,-73.3,81.9
2026-09-25T08:15,0.2501,-0.47,0.4858,-31.1,31.7,-0.82,0.4799,-45.6,47.8,-2.46,0.4759,-77.5,84.5
2026-09-25T08:16,0.2509,-1.27,0.4641,-34.1,33.2,-2.29,0.4474,-49.9,49.4,-5.74,0.4474,-86.0,87.2
2026-09-25T08:17,0.251,-0.49,0.4863,-33.6,34.3,-1.29,0.4701,-48.8,50.3,-4.82,0.4558,-85.4,88.5
2026-09-25T08:18,0.2513,-0.92,0.4742,-34.7,34.5,-1.87,0.4574,-50.2,50.6,-5.26,0.4522,-87.0,89.4
2026-09-25T08:19,0.2517,-1.21,0.4667,-35.5,34.8,-2.37,0.4463,-51.5,51.0,-5.28,0.4525,-88.0,90.5
2026-09-25T08:20,0.2518,-1.14,0.4686,-35.6,35.0,-2.20,0.4502,-51.7,51.5,-5.74,0.4483,-88.6,90.2
2026-09-25T08:21,0.2524,-0.31,0.4919,-36.4,37.5,-1.32,0.4711,-53.1,54.8,-5.10,0.4558,-91.4,94.9
2026-09-25T08:22,0.2527,-0.66,0.4828,-37.4,37.9,-1.65,0.4645,-54.3,55.5,-5.61,0.4520,-93.1,95.7
2026-09-25T08:23,0.2526,-1.22,0.4681,-37.7,37.0,-2.39,0.4479,-54.7,54.3,-6.45,0.4441,-93.0,93.8
2026-09-25T08:24,0.2529,-0.25,0.4934,-37.3,38.6,-1.55,0.4667,-54.7,56.2,-5.39,0.4537,-93.1,96.1
2026-09-25T08:25,0.2527,0.60,0.5153,-36.6,39.6,-1.00,0.4784,-54.3,56.9,-4.37,0.4622,-91.9,97.0
2026-09-25T08:26,0.2523,0.08,0.5020,-37.7,39.7,-2.22,0.4533,-56.9,57.1,-4.39,0.4627,-93.8,99.2
2026-09-25T08:27,0.2524,-0.34,0.4913,-38.0,39.2,-2.66,0.4444,-57.8,57.2,-4.60,0.4610,-94.4,99.4
2026-09-25T08:28,0.2531,-0.85,0.4796,-40.2,40.5,-2.67,0.4466,-60.9,60.5,-6.10,0.4507,-100.5,103.2
2026-09-25T08:29,0.2526,-0.03,0.4993,-40.1,42.0,-2.37,0.4537,-62.2,62.6,-5.65,0.4552,-102.4,106.4
2026-09-25T08:30,0.2529,-0.41,0.4904,-40.6,41.8,-2.86,0.4446,-63.5,62.9,-4.96,0.4608,-102.6,108.0
2026-09-25T08:31,0.253,-1.74,0.4588,-41.8,40.3,-3.41,0.4344,-64.4,62.7,-6.79,0.4462,-104.5,106.4
2026-09-25T08:32,0.2528,-0.41,0.4903,-40.5,41.6,-2.59,0.4504,-64.2,64.3,-5.69,0.4550,-104.1,108.3
2026-09-25T08:33,0.2528,-0.66,0.4844,-40.6,41.3,-2.57,0.4508,-64.6,64.8,-4.71,0.4626,-103.4,109.6
2026-09-25T08:34,0.2525,-1.47,0.4646,-40.8,39.8,-3.77,0.4278,-64.9,62.6,-4.48,0.4640,-102.3,108.8
2026-09-25T08:35,0.252,-0.48,0.4888,-40.6,41.6,-2.60,0.4514,-65.0,65.1,-3.58,0.4717,-104.0,112.7
2026-09-25T08:36,0.2521,-1.14,0.4728,-41.0,40.7,-3.22,0.4393,-65.2,64.0,-3.72,0.4704,-104.0,112.4
2026-09-25T08:37,0.252,-1.14,0.4727,-40.9,40.6,-2.93,0.4445,-64.8,64.2,-3.88,0.4691,-104.6,112.8
2026-09-25T08:38,0.2521,-1.33,0.4676,-40.5,39.8,-3.29,0.4366,-64.2,62.8,-4.29,0.4654,-104.0,111.2
2026-09-25T08:39,0.2517,-1.20,0.4711,-40.9,40.4,-2.68,0.4489,-64.3,64.2,-3.55,0.4717,-105.2,114.1
2026-09-25T08:40,0.2517,-0.54,0.4868,-40.1,40.9,-2.11,0.4595,-63.5,64.6,-3.37,0.4731,-105.3,114.6
2026-09-25T08:41,0.2517,-0.84,0.4795,-40.2,40.4,-1.92,0.4630,-63.0,64.4,-2.32,0.4813,-104.3,115.7
2026-09-25T08:42,0.2518,-1.31,0.4677,-40.4,39.8,-1.92,0.4626,-62.7,64.1,-3.57,0.4713,-105.7,114.7
2026-09-25T08:43,0.2517,-1.19,0.4702,-40.2,39.7,-1.60,0.4685,-62.1,64.1,-2.21,0.4821,-104.5,116.2
2026-09-25T08:44,0.2515,-0.19,0.4952,-39.2,40.7,0.20,0.5039,-60.4,66.0,-0.37,0.4970,-103.3,118.9
2026-09-25T08:45,0.2514,-1.00,0.4741,-38.7,38.6,-0.83,0.4831,-59.4,62.8,-0.88,0.4927,-101.1,115.1
2026-09-25T08:46,0.2517,-1.10,0.4701,-36.9,36.4,-1.35,0.4708,-56.9,59.0,-1.70,0.4851,-97.3,109.0
2026-09-25T08:47,0.2514,0.67,0.5181,-35.3,38.5,0.20,0.5043,-55.8,60.9,-0.78,0.4933,-97.6,111.3
2026-09-25T08:48,0.2512,0.38,0.5105,-35.3,37.8,0.17,0.5036,-55.3,60.3,0.01,0.5001,-96.5,111.7
2026-09-25T08:49,0.2509,0.04,0.5010,-35.3,37.2,-0.01,0.4999,-55.0,59.6,-0.65,0.4943,-96.9,110.8
2026-09-25T08:50,0.2506,0.08,0.5023,-35.5,37.4,-0.22,0.4951,-55.6,59.8,0.19,0.5017,-96.8,112.5
2026-09-25T08:51,0.2511,-0.41,0.4886,-35.7,36.6,-0.14,0.4968,-54.9,59.3,-1.08,0.4906,-97.7,110.8
2026-09-25T08:52,0.2513,-0.68,0.4810,-35.7,36.1,-0.33,0.4925,-54.8,58.8,-0.84,0.4926,-97.4,111.0
2026-09-25T08:53,0.2515,-0.65,0.4819,-35.7,36.2,-0.68,0.4846,-55.2,58.5,-1.74,0.4848,-99.0,110.9
2026-09-25T08:54,0.2515,-0.91,0.4743,-35.6,35.5,-0.82,0.4813,-54.7,57.7,-1.90,0.4833,-98.7,110.2
2026-09-25T08:55,0.2517,-0.28,0.4920,-35.3,36.4,-0.28,0.4935,-54.1,58.1,-1.23,0.4892,-98.5,111.3
2026-09-25T08:56,0.2522,0.03,0.5009,-35.7,37.5,0.21,0.5047,-54.2,59.2,-2.09,0.4819,-100.9,112.3
2026-09-25T08:57,0.252,0.18,0.5051,-35.6,37.7,1.00,0.5225,-53.4,60.1,-1.63,0.4860,-101.1,113.6
2026-09-25T08:58,0.252,0.04,0.5012,-33.9,35.6,0.14,0.5033,-51.5,56.2,-1.43,0.4870,-96.5,108.6
2026-09-25T08:59,0.252,-0.80,0.4762,-33.7,33.8,-0.99,0.4763,-51.2,53.5,-2.16,0.4799,-95.0,105.3
2026-09-25T09:00,0.2525,-1.18,0.4659,-34.8,34.1,-1.36,0.4680,-52.5,54.1,-4.83,0.4562,-100.0,105.4
2026-09-25T09:01,0.2525,-0.32,0.4907,-33.8,34.8,-0.43,0.4899,-51.4,54.9,-2.62,0.4761,-98.0,107.9
2026-09-25T09:02,0.2527,-0.11,0.4968,-33.5,34.9,-0.05,0.4988,-50.9,55.2,-2.94,0.4732,-98.8,108.0
2026-09-25T09:03,0.2528,-0.41,0.4881,-33.8,34.6,-0.83,0.4805,-52.1,54.9,-3.41,0.4691,-99.7,108.1
2026-09-25T09:04,0.2529,0.83,0.5241,-32.5,35.8,0.60,0.5143,-50.7,56.2,-2.01,0.4815,-97.8,108.9
2026-09-25T09:05,0.2531,0.37,0.5110,-32.1,34.4,-0.06,0.4985,-50.5,54.7,-2.61,0.4755,-96.5,106.1
2026-09-25T09:06,0.2535,0.16,0.5047,-33.2,35.1,-0.05,0.4989,-51.9,56.2,-2.79,0.4743,-98.8,108.4
2026-09-25T09:07,0.2536,-0.59,0.4830,-34.1,34.6,-0.87,0.4792,-53.0,55.7,-3.75,0.4655,-100.0,107.7
2026-09-25T09:08,0.2536,-0.53,0.4847,-33.9,34.5,-0.73,0.4827,-53.2,56.2,-3.16,0.4709,-99.6,108.5
2026-09-25T09:09,0.2535,-0.61,0.4818,-33.3,33.7,-0.31,0.4925,-52.1,55.9,-2.66,0.4750,-97.5,107.1
2026-09-25T09:10,0.2532,-0.10,0.4969,-33.1,34.5,-0.52,0.4876,-53.3,56.7,-1.66,0.4846,-97.9,109.8
2026-09-25T09:11,0.253,0.22,0.5066,-32.7,34.7,-0.25,0.4940,-52.9,56.9,-0.72,0.4934,-97.3,111.2
2026-09-25T09:12,0.2528,0.40,0.5117,-32.5,35.0,-0.33,0.4921,-53.1,56.9,-0.20,0.4981,-97.6,112.6
2026-09-25T09:13,0.2529,-0.52,0.4847,-33.4,34.0,-1.00,0.4759,-53.6,56.1,-1.39,0.4872,-99.2,111.8
2026-09-25T09:14,0.2524,-0.63,0.4818,-34.5,34.9,-0.99,0.4768,-54.7,57.3,-0.42,0.4962,-100.7,115.8
2026-09-25T09:15,0.2523,-0.27,0.4920,-34.3,35.5,-1.21,0.4715,-54.7,56.8,-0.15,0.4987,-100.7,116.2
2026-09-25T09:16,0.2525,-1.13,0.4668,-34.9,34.3,-1.58,0.4626,-54.6,56.0,-1.36,0.4877,-101.1,114.2
2026-09-25T09:17,0.2522,0.15,0.5044,-33.6,35.6,-0.62,0.4853,-53.6,56.9,-0.16,0.4986,-100.0,115.4
2026-09-25T09:18,0.2529,-0.80,0.4778,-36.3,36.4,-1.61,0.4640,-57.3,58.8,-2.21,0.4812,-107.2,119.4
2026-09-25T09:19,0.2525,-0.32,0.4912,-36.0,37.1,-1.31,0.4709,-57.3,59.5,-2.74,0.4770,-108.5,119.7
2026-09-25T09:20,0.252,0.33,0.5089,-35.9,38.4,-1.42,0.4689,-58.4,60.4,-1.98,0.4837,-109.5,122.6
2026-09-25T09:21,0.2518,-0.67,0.4815,-36.1,36.5,-2.60,0.4422,-58.8,58.4,-2.32,0.4805,-107.6,119.6
2026-09-25T09:22,0.252,0.12,0.5033,-35.1,37.1,-1.61,0.4639,-58.0,59.6,-1.68,0.4858,-106.4,119.6
2026-09-25T09:23,0.2524,-1.07,0.4706,-36.7,36.3,-2.50,0.4447,-59.5,59.4,-2.24,0.4812,-108.2,120.4
2026-09-25T09:24,0.2529,-0.76,0.4796,-37.2,37.5,-1.93,0.4583,-60.3,61.4,-3.41,0.4721,-112.0,122.3
2026-09-25T09:25,0.2531,-1.14,0.4694,-37.9,37.4,-1.72,0.4628,-60.0,61.5,-3.58,0.4709,-112.0,122.0
2026-09-25T09:26,0.2536,-1.06,0.4717,-38.2,37.9,-1.50,0.4675,-59.8,61.8,-4.15,0.4664,-112.8,121.6
2026-09-25T09:27,0.2534,-0.34,0.4909,-37.8,39.0,-1.21,0.4738,-59.4,62.0,-3.46,0.4720,-112.0,122.2
2026-09-25T09:28,0.2538,0.01,0.5004,-38.3,40.2,-0.50,0.4894,-59.5,63.5,-3.41,0.4729,-113.5,124.1
2026-09-25T09:29,0.2538,-0.73,0.4810,-39.0,39.4,-1.43,0.4698,-60.3,62.4,-4.63,0.4634,-114.6,122.7
2026-09-25T09:30,0.254,-0.89,0.4765,-38.3,38.4,-1.21,0.4739,-59.4,61.9,-3.86,0.4690,-111.6,120.9
2026-09-25T09:31,0.254,-1.31,0.4658,-38.7,37.9,-1.47,0.4686,-60.1,62.2,-3.90,0.4688,-111.5,120.7
2026-09-25T09:32,0.2533,-0.01,0.4997,-39.0,40.9,-1.11,0.4773,-62.3,65.3,-2.29,0.4825,-114.7,127.9
2026-09-25T09:33,0.2534,-0.96,0.4760,-39.9,39.9,-2.18,0.4557,-63.2,64.1,-2.03,0.4846,-114.3,128.0
2026-09-25T09:34,0.2537,-0.68,0.4831,-39.8,40.3,-1.30,0.4738,-62.6,65.3,-2.99,0.4774,-115.9,127.8
2026-09-25T09:35,0.2537,-1.11,0.4717,-39.6,39.3,-1.72,0.4650,-62.8,64.6,-3.18,0.4757,-114.6,125.8
2026-09-25T09:36,0.2538,-0.31,0.4920,-38.2,39.5,-0.90,0.4815,-61.6,65.0,-2.96,0.4772,-112.7,124.2
2026-09-25T09:37,0.2537,-0.08,0.4978,-37.9,39.6,-0.76,0.4844,-62.0,65.7,-2.73,0.4790,-112.4,124.3
2026-09-25T09:38,0.254,-0.55,0.4858,-38.7,39.4,-1.06,0.4787,-63.3,66.5,-3.25,0.4753,-113.8,124.7
2026-09-25T09:39,0.2541,-0.63,0.4838,-38.6,39.2,-1.21,0.4757,-63.2,66.0,-3.06,0.4767,-113.2,124.4
2026-09-25T09:40,0.254,-0.76,0.4804,-38.3,38.7,-0.60,0.4879,-62.0,66.0,-2.09,0.4840,-111.3,124.4
2026-09-25T09:41,0.2537,-0.70,0.4820,-38.4,38.8,-0.84,0.4833,-62.4,65.9,-0.71,0.4946,-110.3,126.2
2026-09-25T09:42,0.2536,-0.53,0.4864,-37.9,38.7,-0.66,0.4867,-61.8,65.7,-1.09,0.4917,-110.1,125.1
2026-09-25T09:43,0.2537,-0.59,0.4847,-37.9,38.6,-0.89,0.4821,-61.9,65.3,-1.07,0.4918,-109.9,124.9
2026-09-25T09:44,0.2539,-1.05,0.4724,-37.6,37.3,-1.34,0.4728,-61.1,63.5,-1.62,0.4874,-108.3,122.0
2026-09-25T09:45,0.2538,-0.22,0.4941,-36.7,38.1,0.20,0.5041,-59.4,64.9,-0.86,0.4933,-107.5,122.6
2026-09-25T09:46,0.2545,-0.87,0.4782,-38.9,39.1,-0.72,0.4860,-62.9,66.8,-2.36,0.4825,-114.2,127.2
2026-09-25T09:47,0.255,-0.83,0.4795,-39.8,40.1,-0.56,0.4893,-64.2,68.5,-3.38,0.4753,-117.5,128.7
2026-09-25T09:48,0.255,-0.92,0.4764,-38.6,38.6,-0.82,0.4838,-61.8,65.3,-2.92,0.4778,-112.8,124.3
2026-09-25T09:49,0.2549,-0.71,0.4815,-38.2,38.6,-1.39,0.4721,-61.4,63.7,-2.44,0.4812,-111.2,123.6
2026-09-25T09:50,0.2543,0.14,0.5036,-37.8,39.9,-0.39,0.4923,-61.1,65.5,-2.06,0.4843,-112.8,126.1
2026-09-25T09:51,0.2539,0.04,0.5009,-38.2,40.2,-1.36,0.4736,-62.7,65.2,-1.78,0.4866,-114.3,128.5
2026-09-25T09:52,0.2536,0.84,0.5211,-37.9,41.5,-0.64,0.4875,-62.1,66.1,-0.02,0.4998,-113.0,130.8
2026-09-25T09:53,0.2534,0.87,0.5222,-37.8,41.5,0.03,0.5006,-60.7,65.9,0.91,0.5069,-110.7,130.2
2026-09-25T09:54,0.2526,1.17,0.5290,-39.4,43.7,0.05,0.5009,-63.0,68.4,2.01,0.5146,-114.0,136.4
2026-09-25T09:55,0.2531,-0.36,0.4913,-42.0,43.4,-1.70,0.4686,-65.8,67.9,-0.65,0.4954,-118.8,136.2
2026-09-25T09:56,0.2531,-0.98,0.4756,-41.8,41.8,-2.30,0.4564,-65.0,65.8,-1.88,0.4864,-117.6,132.1
2026-09-25T09:57,0.253,-0.68,0.4832,-41.3,41.9,-2.42,0.4541,-64.9,65.4,-0.44,0.4968,-115.8,133.1
2026-09-25T09:58,0.2531,-0.34,0.4916,-40.4,41.7,-1.12,0.4783,-62.7,65.7,0.46,0.5034,-113.4,132.3
2026-09-25T09:59,0.2531,-0.41,0.4898,-40.4,41.5,-1.33,0.4743,-62.8,65.4,0.58,0.5042,-113.1,132.2
2026-09-25T10:00,0.2531,-0.04,0.4990,-39.8,41.7,-0.89,0.4828,-62.0,65.4,1.86,0.5136,-111.3,132.9
2026-09-25T10:01,0.2526,0.16,0.5039,-40.4,42.7,-0.87,0.4835,-63.9,67.6,2.79,0.5199,-112.9,136.8
2026-09-25T10:02,0.252,-0.24,0.4941,-40.4,41.9,-1.33,0.4745,-64.4,67.1,3.28,0.5236,-111.4,136.0
2026-09-25T10:03,0.2519,-0.82,0.4796,-41.3,41.7,-1.37,0.4737,-64.9,67.6,1.94,0.5140,-112.6,134.6
2026-09-25T10:04,0.2517,0.30,0.5075,-40.4,43.0,-0.17,0.4967,-64.0,69.1,2.84,0.5206,-111.2,134.9
2026-09-25T10:05,0.2522,-0.74,0.4817,-42.2,42.8,-1.65,0.4688,-67.4,69.7,1.49,0.5106,-114.9,136.3
2026-09-25T10:06,0.2521,0.08,0.5020,-41.3,43.5,-0.31,0.4942,-66.5,71.5,2.08,0.5149,-114.0,136.5
2026-09-25T10:07,0.252,-0.13,0.4967,-41.4,43.2,-0.68,0.4871,-67.4,71.7,1.90,0.5136,-114.1,136.2
2026-09-25T10:08,0.2521,-1.01,0.4752,-41.9,41.9,-1.53,0.4708,-67.7,70.3,3.11,0.5224,-112.1,136.5
2026-09-25T10:09,0.2523,-0.93,0.4771,-41.8,42.0,-1.30,0.4751,-67.4,70.5,3.38,0.5244,-111.8,136.8
2026-09-25T10:10,0.2522,0.25,0.5061,-40.5,43.1,0.48,0.5092,-65.5,72.1,5.11,0.5368,-109.9,138.3
2026-09-25T10:11,0.2519,1.06,0.5261,-39.7,43.8,0.80,0.5154,-65.0,72.3,5.12,0.5369,-109.8,138.2
2026-09-25T10:12,0.2517,0.99,0.5243,-39.7,43.7,0.84,0.5163,-65.0,72.3,5.73,0.5412,-109.3,138.9
2026-09-25T10:13,0.252,-0.36,0.4910,-41.3,42.6,-0.81,0.4845,-67.0,71.0,4.52,0.5324,-111.2,138.5
2026-09-25T10:14,0.2518,0.12,0.5029,-40.6,42.9,-0.07,0.4987,-66.0,71.4,4.65,0.5334,-110.7,138.2
2026-09-25T10:15,0.2518,0.06,0.5015,-40.5,42.6,-0.71,0.4863,-66.3,70.5,4.97,0.5357,-110.0,138.1
2026-09-25T10:16,0.252,-0.91,0.4764,-39.9,40.0,-0.88,0.4822,-64.0,67.6,4.58,0.5342,-106.1,132.7
2026-09-25T10:17,0.2519,0.62,0.5163,-37.5,40.6,0.70,0.5145,-60.9,67.6,5.91,0.5451,-102.3,131.2
2026-09-25T10:18,0.2517,0.46,0.5122,-37.7,40.5,0.71,0.5146,-61.0,67.7,6.01,0.5457,-102.5,131.7
2026-09-25T10:19,0.2515,0.24,0.5063,-37.8,40.2,0.04,0.5008,-61.5,66.8,6.12,0.5466,-102.2,131.6
2026-09-25T10:20,0.2517,-0.15,0.4960,-37.0,38.5,-0.14,0.4970,-59.7,64.5,4.96,0.5391,-99.9,126.4
2026-09-25T10:21,0.2517,-0.50,0.4860,-36.7,37.5,-0.74,0.4839,-59.3,62.8,4.23,0.5339,-99.0,123.8
2026-09-25T10:22,0.2517,-1.02,0.4715,-36.8,36.6,-0.67,0.4853,-58.6,62.2,4.42,0.5358,-97.8,122.8
2026-09-25T10:23,0.2519,-0.39,0.4891,-36.1,37.1,-0.45,0.4901,-58.2,62.3,4.10,0.5332,-98.0,122.3
2026-09-25T10:24,0.252,0.07,0.5022,-33.3,35.1,0.20,0.5046,-53.8,58.8,3.95,0.5343,-91.5,114.5
2026-09-25T10:25,0.252,0.87,0.5270,-31.4,34.7,0.56,0.5137,-51.6,57.2,4.46,0.5400,-88.0,111.5
2026-09-25T10:26,0.2523,-0.31,0.4906,-32.9,33.9,-0.53,0.4871,-53.2,56.7,3.27,0.5291,-90.1,111.4
2026-09-25T10:27,0.2526,0.44,0.5132,-32.3,34.8,0.55,0.5132,-52.4,58.0,3.06,0.5271,-90.9,111.8
2026-09-25T10:28,0.2532,0.24,0.5070,-34.2,36.4,0.51,0.5118,-54.7,60.4,2.08,0.5177,-95.9,115.5
2026-09-25T10:29,0.2531,0.07,0.5020,-34.7,36.6,-0.12,0.4971,-55.3,59.7,2.04,0.5174,-96.0,115.5
2026-09-25T10:30,0.2533,-0.24,0.4931,-35.3,36.5,1.07,0.5244,-53.9,60.8,2.68,0.5229,-95.2,116.0
2026-09-25T10:31,0.2526,0.03,0.5008,-36.0,37.9,-0.32,0.4928,-56.9,61.1,3.83,0.5317,-97.0,120.6
2026-09-25T10:32,0.2524,0.30,0.5086,-34.5,36.9,-0.13,0.4970,-54.8,59.2,4.70,0.5403,-92.8,117.6
2026-09-25T10:33,0.2527,0.06,0.5019,-34.7,36.5,-0.77,0.4823,-55.3,58.4,2.36,0.5203,-94.9,115.0
2026-09-25T10:34,0.2525,0.82,0.5235,-33.8,37.2,-0.09,0.4978,-54.5,58.9,3.47,0.5299,-93.7,116.0
2026-09-25T10:35,0.2525,0.16,0.5046,-33.5,35.5,-1.24,0.4707,-54.0,56.1,2.23,0.5198,-92.2,111.6
2026-09-25T10:36,0.2527,-0.07,0.4979,-33.7,35.2,-1.27,0.4702,-54.1,56.1,1.16,0.5103,-93.4,110.7
2026-09-25T10:37,0.2527,0.61,0.5181,-32.9,35.8,-0.26,0.4938,-52.9,56.9,1.78,0.5159,-92.5,111.0
2026-09-25T10:38,0.2526,0.59,0.5174,-32.9,35.7,-0.60,0.4858,-53.1,56.4,2.24,0.5199,-92.0,111.3
2026-09-25T10:39,0.2525,-0.16,0.4951,-33.5,34.8,-0.97,0.4770,-53.2,55.7,3.52,0.5315,-90.3,112.2
2026-09-25T10:40,0.2526,0.12,0.5037,-33.0,34.9,-0.86,0.4796,-52.9,55.6,2.71,0.5243,-90.8,111.0
2026-09-25T10:41,0.2526,1.01,0.5305,-31.7,35.4,-0.06,0.4986,-51.5,55.7,4.19,0.5380,-88.3,111.3
2026-09-25T10:42,0.2529,-0.13,0.4960,-33.0,34.4,-0.18,0.4958,-51.8,55.9,2.43,0.5219,-90.6,110.1
2026-09-25T10:43,0.2526,-0.04,0.4989,-32.9,34.5,0.32,0.5075,-51.3,56.3,3.19,0.5287,-89.8,110.9
2026-09-25T10:44,0.2527,-0.55,0.4833,-33.2,33.8,-0.71,0.4831,-52.0,55.0,1.97,0.5178,-90.6,109.2
2026-09-25T10:45,0.2528,-1.09,0.4672,-33.8,33.2,-1.42,0.4664,-52.7,54.2,1.78,0.5161,-90.8,109.0
2026-09-25T10:46,0.2529,-1.01,0.4693,-33.5,33.1,-1.22,0.4710,-52.2,54.1,1.78,0.5162,-90.4,108.5
2026-09-25T10:47,0.2529,-1.01,0.4688,-33.1,32.6,-1.46,0.4651,-51.8,53.1,1.75,0.5161,-89.3,107.2
2026-09-25T10:48,0.2531,-0.60,0.4817,-32.6,33.0,-0.15,0.4965,-50.4,54.4,2.06,0.5190,-89.0,107.4
2026-09-25T10:49,0.2527,0.11,0.5032,-32.3,34.2,0.48,0.5113,-50.4,55.7,3.74,0.5339,-88.6,110.7
2026-09-25T10:50,0.2527,-0.37,0.4887,-32.6,33.5,-0.33,0.4922,-50.9,54.6,3.88,0.5354,-88.0,110.2
2026-09-25T10:51,0.2529,-0.46,0.4858,-32.8,33.4,-0.08,0.4981,-50.8,55.0,2.96,0.5270,-89.2,109.7
2026-09-25T10:52,0.253,-0.26,0.4920,-32.6,33.6,0.12,0.5028,-50.6,55.1,2.73,0.5248,-89.5,109.5
2026-09-25T10:53,0.2531,0.15,0.5047,-31.9,33.8,0.48,0.5114,-49.9,55.2,3.09,0.5282,-88.6,109.3
2026-09-25T10:54,0.2534,-0.41,0.4876,-32.8,33.6,0.08,0.5018,-50.7,55.2,1.33,0.5120,-91.3,108.5
2026-09-25T10:55,0.2528,0.05,0.5015,-33.7,35.5,0.18,0.5041,-52.8,57.7,3.83,0.5331,-92.8,115.7
2026-09-25T10:56,0.2529,-0.68,0.4804,-34.1,34.4,-0.87,0.4807,-53.3,56.0,2.18,0.5190,-93.5,113.0
2026-09-25T10:57,0.253,-0.59,0.4829,-33.6,34.1,-0.81,0.4817,-52.7,55.5,2.53,0.5224,-92.3,112.3
2026-09-25T10:58,0.2528,0.58,0.5175,-31.3,34.0,1.44,0.5336,-48.5,55.7,5.05,0.5460,-86.4,111.0
2026-09-25T10:59,0.2527,-0.05,0.4985,-31.8,33.3,0.37,0.5087,-49.5,54.5,4.24,0.5387,-87.1,110.1
2026-09-25T11:00,0.2527,0.01,0.5002,-31.6,33.1,0.49,0.5114,-49.1,54.2,3.48,0.5318,-87.3,108.6
2026-09-25T11:01,0.2531,0.13,0.5041,-30.2,32.0,0.71,0.5173,-46.9,52.4,2.22,0.5211,-85.2,103.4
2026-09-25T11:02,0.2532,0.18,0.5055,-30.0,31.8,0.79,0.5191,-46.6,52.2,2.01,0.5192,-85.0,102.7
2026-09-25T11:03,0.2533,0.38,0.5121,-29.4,31.6,0.89,0.5220,-45.8,51.5,2.18,0.5212,-83.6,101.5
2026-09-25T11:04,0.2534,-0.12,0.4961,-29.6,30.9,0.75,0.5185,-45.6,51.0,1.71,0.5167,-83.6,100.5
2026-09-25T11:05,0.2535,0.09,0.5029,-29.3,30.9,1.00,0.5248,-45.1,51.0,1.85,0.5182,-83.1,100.2
2026-09-25T11:06,0.2546,0.65,0.5181,-33.6,36.6,1.67,0.5357,-52.2,60.1,0.34,0.5029,-97.9,114.2
2026-09-25T11:07,0.2551,0.71,0.5193,-34.8,37.9,1.83,0.5381,-53.9,62.3,-0.28,0.4977,-101.1,116.4
2026-09-25T11:08,0.2557,0.36,0.5095,-36.3,38.8,2.00,0.5408,-55.5,64.4,-1.40,0.4887,-105.0,118.5
2026-09-25T11:09,0.2556,-0.53,0.4858,-37.3,38.0,0.35,0.5071,-57.3,63.0,-0.59,0.4952,-103.6,118.7
2026-09-25T11:10,0.2557,-0.32,0.4914,-37.4,38.6,0.31,0.5064,-57.8,63.4,0.20,0.5016,-102.8,119.4
2026-09-25T11:11,0.2565,-0.09,0.4976,-39.7,41.5,0.71,0.5138,-61.5,68.2,-0.47,0.4964,-110.1,126.5
2026-09-25T11:12,0.2565,0.85,0.5218,-38.7,42.3,1.38,0.5268,-60.6,68.7,0.32,0.5025,-108.6,126.4
2026-09-25T11:13,0.2561,1.04,0.5265,-38.6,42.7,0.69,0.5133,-62.2,68.9,1.25,0.5098,-108.8,128.7
2026-09-25T11:14,0.2565,0.69,0.5173,-39.4,42.7,0.61,0.5118,-63.6,70.3,0.04,0.5003,-111.8,129.5
2026-09-25T11:15,0.2565,0.97,0.5244,-38.9,42.8,0.94,0.5181,-63.6,71.0,0.51,0.5039,-111.5,130.2
2026-09-25T11:16,0.2567,0.03,0.5007,-39.9,41.9,0.06,0.5011,-65.1,70.8,0.67,0.5052,-112.0,131.2
2026-09-25T11:17,0.2568,0.12,0.5029,-39.7,41.9,-0.30,0.4942,-66.0,71.0,0.60,0.5047,-112.5,131.5
2026-09-25T11:18,0.2564,0.19,0.5049,-39.9,42.3,0.16,0.5030,-66.7,72.7,1.37,0.5106,-113.2,134.1
2026-09-25T11:19,0.2568,0.12,0.5029,-39.9,42.2,-0.31,0.4941,-67.8,72.9,1.16,0.5090,-114.0,134.5
2026-09-25T11:20,0.2564,0.05,0.5014,-40.4,42.6,0.38,0.5072,-68.5,75.1,2.72,0.5208,-114.4,138.4
2026-09-25T11:21,0.256,-0.14,0.4966,-41.0,42.7,-0.25,0.4952,-69.7,75.1,4.27,0.5324,-114.5,141.8
2026-09-25T11:22,0.2562,-0.47,0.4885,-41.3,42.4,-0.90,0.4831,-70.3,74.5,3.35,0.5254,-116.2,141.8
2026-09-25T11:23,0.2555,0.25,0.5058,-42.1,44.6,-0.15,0.4974,-72.1,77.9,5.32,0.5390,-119.2,149.6
2026-09-25T11:24,0.2556,-0.70,0.4835,-43.1,43.8,-1.16,0.4788,-72.5,76.3,4.56,0.5337,-119.8,148.5
2026-09-25T11:25,0.2558,-1.64,0.4606,-43.0,41.8,-1.68,0.4688,-71.4,73.9,2.89,0.5219,-119.2,144.3
2026-09-25T11:26,0.2564,-0.54,0.4872,-43.0,44.0,0.13,0.5023,-71.3,77.6,3.30,0.5244,-122.6,149.1
2026-09-25T11:27,0.2561,0.41,0.5097,-42.2,45.1,0.83,0.5149,-70.8,78.6,5.02,0.5370,-122.1,152.2
2026-09-25T11:28,0.2565,-0.62,0.4855,-43.4,44.3,-0.14,0.4975,-72.2,78.1,2.60,0.5190,-126.0,151.5
2026-09-25T11:29,0.2565,-1.60,0.4629,-44.3,43.2,-1.32,0.4764,-73.2,76.7,1.85,0.5136,-127.2,151.3
2026-09-25T11:30,0.2561,-0.09,0.4979,-43.2,45.1,0.38,0.5068,-72.2,79.1,4.20,0.5305,-126.1,155.2
2026-09-25T11:31,0.2558,0.74,0.5170,-42.1,45.7,0.35,0.5062,-71.8,78.6,5.51,0.5402,-124.8,156.5
2026-09-25T11:32,0.2562,-1.24,0.4719,-44.4,44.0,-0.55,0.4904,-73.1,78.2,3.31,0.5240,-128.7,156.2
2026-09-25T11:33,0.2561,-0.23,0.4948,-43.3,44.9,0.27,0.5047,-72.2,78.9,4.80,0.5348,-127.7,158.3
2026-09-25T11:34,0.2567,-0.18,0.4959,-44.2,46.0,0.96,0.5165,-73.1,81.3,2.87,0.5204,-133.4,160.7
2026-09-25T11:35,0.2573,0.60,0.5129,-44.7,48.1,1.74,0.5292,-73.8,83.7,2.84,0.5198,-137.0,164.8
2026-09-25T11:36,0.2566,0.84,0.5188,-42.6,46.4,1.93,0.5338,-70.4,80.4,4.42,0.5321,-130.3,160.5
2026-09-25T11:37,0.2565,-0.50,0.4885,-43.1,44.2,-0.29,0.4948,-71.3,76.8,2.94,0.5217,-130.1,157.0
2026-09-25T11:38,0.2566,0.38,0.5089,-41.1,44.0,0.32,0.5059,-68.9,75.4,2.85,0.5216,-127.6,153.9
2026-09-25T11:39,0.2563,0.40,0.5093,-41.2,44.1,0.78,0.5141,-68.6,76.1,3.71,0.5280,-127.9,156.1
2026-09-25T11:40,0.2561,1.16,0.5268,-40.9,45.3,1.83,0.5327,-67.5,77.1,5.91,0.5446,-126.4,159.2
2026-09-25T11:41,0.2557,0.54,0.5128,-40.1,43.2,1.69,0.5312,-65.4,74.5,6.37,0.5497,-122.4,155.5
2026-09-25T11:42,0.2558,0.42,0.5101,-40.2,43.0,0.61,0.5112,-66.4,73.3,4.81,0.5376,-124.5,154.6
2026-09-25T11:43,0.2559,-0.37,0.4910,-40.4,41.6,0.46,0.5087,-65.5,72.0,3.88,0.5308,-124.3,152.3
2026-09-25T11:44,0.2558,0.58,0.5141,-38.9,42.0,1.31,0.5248,-63.8,72.0,4.73,0.5380,-122.5,152.1
2026-09-25T11:45,0.2557,1.00,0.5242,-38.4,42.3,2.28,0.5432,-62.7,72.8,6.47,0.5519,-121.3,154.4
2026-09-25T11:46,0.2562,-0.29,0.4931,-40.2,41.6,0.85,0.5159,-65.0,72.4,2.96,0.5235,-127.4,153.9
2026-09-25T11:47,0.2565,0.51,0.5121,-39.6,42.6,2.48,0.5458,-63.7,74.3,3.49,0.5275,-128.2,156.0
2026-09-25T11:48,0.2556,0.42,0.5096,-41.7,44.6,2.23,0.5392,-67.2,77.6,5.69,0.5426,-132.7,166.0
2026-09-25T11:49,0.2557,1.24,0.5282,-40.4,44.9,3.25,0.5575,-65.4,77.7,6.35,0.5481,-131.2,165.6
2026-09-25T11:50,0.2559,-0.10,0.4977,-41.3,43.1,1.61,0.5287,-66.4,75.4,4.25,0.5326,-132.8,162.9
2026-09-25T11:51,0.2562,0.51,0.5118,-40.4,43.5,2.40,0.5428,-65.1,75.7,4.90,0.5377,-132.1,163.5
2026-09-25T11:52,0.2561,0.49,0.5114,-40.3,43.3,1.70,0.5304,-65.6,74.7,4.85,0.5375,-132.4,163.8
2026-09-25T11:53,0.2557,0.56,0.5132,-39.2,42.3,1.48,0.5270,-64.2,72.7,5.25,0.5416,-128.8,160.5
2026-09-25T11:54,0.2555,1.42,0.5335,-38.4,43.2,1.36,0.5247,-64.3,72.6,5.76,0.5455,-128.5,161.2
2026-09-25T11:55,0.2554,1.98,0.5466,-37.6,43.5,1.81,0.5329,-63.5,72.7,5.42,0.5431,-128.3,160.3
2026-09-25T11:56,0.2552,0.28,0.5067,-38.4,40.8,0.47,0.5088,-63.3,69.7,5.22,0.5425,-125.4,156.5
2026-09-25T11:57,0.2553,-0.03,0.4993,-38.4,40.2,0.38,0.5070,-62.9,69.0,4.48,0.5367,-125.2,154.7
2026-09-25T11:58,0.2551,0.84,0.5203,-37.1,40.6,0.99,0.5187,-61.6,68.9,5.04,0.5418,-123.4,153.7
2026-09-25T11:59,0.2552,0.17,0.5041,-37.7,39.9,0.62,0.5117,-61.8,68.4,5.44,0.5452,-122.9,154.1
2026-09-25T12:00,0.2559,-0.41,0.4903,-39.3,40.4,1.36,0.5249,-62.8,71.0,4.75,0.5385,-127.8,158.3
2026-09-25T12:01,0.2567,-0.34,0.4922,-41.2,42.6,1.62,0.5283,-65.2,74.1,2.79,0.5217,-136.1,163.7
2026-09-25T12:02,0.2568,0.62,0.5143,-40.2,43.5,1.85,0.5329,-64.2,73.5,3.91,0.5307,-134.2,163.8
2026-09-25T12:03,0.2566,1.51,0.5347,-39.7,44.8,2.92,0.5519,-63.1,74.6,6.82,0.5534,-132.2,167.8
2026-09-25T12:04,0.2565,0.09,0.5021,-40.4,42.6,0.60,0.5111,-63.6,70.3,5.07,0.5408,-130.9,162.5
2026-09-25T12:05,0.2561,0.32,0.5076,-39.6,42.2,0.37,0.5070,-62.9,69.0,4.82,0.5393,-130.0,160.9
2026-09-25T12:06,0.256,0.03,0.5006,-38.4,40.3,0.32,0.5062,-60.6,66.4,4.80,0.5406,-125.1,155.2
2026-09-25T12:07,0.2569,-0.10,0.4977,-41.0,42.8,0.08,0.5015,-64.8,70.5,3.14,0.5249,-135.3,163.5
2026-09-25T12:08,0.2569,-0.53,0.4876,-41.3,42.2,0.02,0.5004,-64.6,70.1,2.48,0.5197,-135.6,162.3
2026-09-25T12:09,0.2563,1.06,0.5244,-40.5,44.6,1.53,0.5273,-64.3,73.0,5.79,0.5450,-135.0,168.9
2026-09-25T12:10,0.2564,-0.12,0.4972,-41.5,43.3,0.41,0.5073,-65.2,71.6,4.90,0.5382,-135.5,167.5
2026-09-25T12:11,0.2562,-0.13,0.4970,-41.1,42.9,0.62,0.5112,-64.3,71.1,4.71,0.5370,-134.4,165.8
2026-09-25T12:12,0.2561,0.70,0.5163,-40.2,43.6,1.27,0.5230,-63.5,71.6,6.14,0.5482,-132.8,167.1
2026-09-25T12:13,0.2544,1.04,0.5202,-48.3,52.8,2.58,0.5390,-74.9,86.6,11.33,0.5739,-155.0,203.9
2026-09-25T12:14,0.2547,0.19,0.5037,-49.8,52.6,1.17,0.5177,-76.5,85.4,10.19,0.5663,-156.6,203.4
2026-09-25T12:15,0.253,1.72,0.5291,-55.7,62.0,2.52,0.5331,-86.7,99.3,14.44,0.5821,-176.6,235.6
2026-09-25T12:16,0.2518,2.07,0.5335,-58.5,65.6,3.50,0.5437,-90.6,105.6,16.19,0.5878,-184.4,248.5
2026-09-25T12:17,0.2513,2.39,0.5382,-59.0,66.8,3.25,0.5403,-92.2,106.8,16.60,0.5894,-186.1,251.4
2026-09-25T12:18,0.2514,2.62,0.5429,-57.7,65.9,4.25,0.5537,-89.4,105.9,14.23,0.5789,-184.0,243.7
2026-09-25T12:19,0.2516,0.61,0.5099,-60.2,64.4,2.40,0.5304,-92.1,105.0,12.60,0.5699,-186.5,243.2
2026-09-25T12:20,0.2528,0.78,0.5121,-63.2,67.9,3.37,0.5403,-97.0,112.3,11.36,0.5598,-199.2,255.2
2026-09-25T12:21,0.253,1.21,0.5189,-62.4,68.0,4.07,0.5487,-96.8,113.6,10.74,0.5566,-200.1,254.9
2026-09-25T12:22,0.2535,1.22,0.5191,-63.4,69.1,3.93,0.5467,-98.6,115.2,10.88,0.5568,-201.5,256.8
2026-09-25T12:23,0.2536,1.26,0.5199,-63.6,69.4,3.44,0.5411,-99.4,115.1,11.17,0.5584,-200.0,255.7
2026-09-25T12:24,0.2547,-0.00,0.4999,-68.0,71.4,3.73,0.5427,-103.0,119.6,10.51,0.5528,-208.8,264.5
2026-09-25T12:25,0.2545,-0.18,0.4972,-68.1,71.1,2.05,0.5234,-105.6,118.9,8.96,0.5449,-210.3,262.9
2026-09-25T12:26,0.2545,0.66,0.5101,-67.0,71.7,2.46,0.5282,-105.9,120.1,9.21,0.5462,-209.5,262.5
2026-09-25T12:27,0.2546,0.89,0.5136,-66.7,71.8,3.00,0.5342,-105.1,120.4,10.89,0.5544,-207.6,263.9
2026-09-25T12:28,0.2552,0.37,0.5057,-67.6,71.7,2.15,0.5245,-106.7,120.3,8.40,0.5417,-211.7,263.3
2026-09-25T12:29,0.2558,0.27,0.5040,-68.3,72.2,1.58,0.5179,-108.1,120.7,6.71,0.5330,-215.4,263.9
2026-09-25T12:30,0.2566,1.67,0.5250,-67.8,74.6,4.26,0.5478,-107.0,125.0,7.39,0.5361,-215.8,265.8
2026-09-25T12:31,0.2566,2.28,0.5349,-66.5,74.5,4.96,0.5568,-105.3,124.6,8.01,0.5399,-211.1,261.7
2026-09-25T12:32,0.2568,0.10,0.5016,-69.3,73.0,2.52,0.5290,-108.7,123.2,6.57,0.5328,-212.5,260.2
2026-09-25T12:33,0.2569,0.75,0.5115,-68.5,73.4,2.23,0.5258,-109.8,123.8,6.32,0.5316,-212.3,259.5
2026-09-25T12:34,0.2565,1.06,0.5163,-68.3,73.9,1.46,0.5170,-111.9,124.5,8.68,0.5432,-210.7,262.7
2026-09-25T12:35,0.2571,1.13,0.5173,-68.5,74.2,1.84,0.5213,-113.1,126.6,8.11,0.5401,-212.3,263.4
2026-09-25T12:36,0.2572,0.14,0.5021,-69.4,73.1,0.28,0.5032,-115.6,126.0,7.29,0.5361,-212.9,262.3
2026-09-25T12:37,0.2571,0.70,0.5111,-67.2,71.9,0.30,0.5036,-113.9,124.3,7.23,0.5366,-208.0,256.4
2026-09-25T12:38,0.2576,-0.59,0.4907,-68.9,71.0,0.19,0.5022,-115.9,126.1,6.06,0.5305,-210.6,256.9
2026-09-25T12:39,0.2583,-0.36,0.4944,-68.8,71.5,1.08,0.5129,-116.4,128.6,5.84,0.5293,-211.6,257.6
2026-09-25T12:40,0.2577,1.79,0.5278,-67.2,74.2,3.81,0.5448,-115.9,133.8,7.66,0.5381,-211.9,261.9
2026-09-25T12:41,0.2571,1.42,0.5218,-68.1,74.4,1.64,0.5193,-119.0,132.6,10.22,0.5504,-211.2,266.7
2026-09-25T12:42,0.2573,0.97,0.5150,-68.5,73.9,0.67,0.5079,-119.9,131.5,8.63,0.5427,-212.8,265.0
2026-09-25T12:43,0.2569,2.34,0.5390,-61.8,69.6,2.28,0.5290,-109.0,123.0,9.33,0.5499,-195.2,246.2
2026-09-25T12:44,0.257,1.25,0.5209,-62.6,68.2,1.45,0.5186,-109.3,121.6,9.09,0.5489,-194.7,245.1
2026-09-25T12:45,0.257,-0.25,0.4954,-57.8,60.1,0.07,0.5010,-99.8,108.4,8.14,0.5486,-175.8,221.1
2026-09-25T12:46,0.2565,1.25,0.5241,-53.5,58.6,1.41,0.5210,-93.5,104.4,9.02,0.5565,-166.0,211.7
2026-09-25T12:47,0.2577,-0.06,0.4989,-57.6,60.4,0.70,0.5099,-99.2,109.1,5.95,0.5355,-178.5,219.5
2026-09-25T12:48,0.2569,0.33,0.5059,-58.6,62.2,0.39,0.5054,-101.9,111.4,7.47,0.5435,-181.6,226.4
2026-09-25T12:49,0.2566,1.62,0.5287,-57.3,63.5,0.87,0.5120,-101.4,111.8,8.55,0.5498,-180.6,227.6
2026-09-25T12:50,0.257,-0.84,0.4843,-56.8,57.9,-1.37,0.4803,-98.5,104.0,5.64,0.5346,-174.2,213.9
2026-09-25T12:51,0.2571,0.11,0.5020,-55.6,58.6,1.14,0.5164,-95.5,106.1,6.11,0.5377,-173.1,213.6
2026-09-25T12:52,0.2567,0.52,0.5099,-54.9,58.7,0.58,0.5084,-95.6,104.9,7.66,0.5474,-170.8,214.3
2026-09-25T12:53,0.2571,-0.72,0.4866,-56.4,57.7,-0.00,0.5000,-96.6,104.8,6.13,0.5378,-173.3,213.9
2026-09-25T12:54,0.2574,0.21,0.5041,-52.8,55.9,1.71,0.5257,-90.3,101.6,7.02,0.5455,-164.0,205.1
2026-09-25T12:55,0.2576,0.05,0.5010,-52.9,55.6,0.79,0.5119,-91.0,100.4,6.28,0.5408,-164.6,204.2
2026-09-25T12:56,0.2576,-0.05,0.4989,-52.8,55.3,-0.04,0.4994,-91.5,99.3,5.64,0.5367,-164.8,203.0
2026-09-25T12:57,0.258,-1.87,0.4634,-54.9,53.8,-1.24,0.4815,-93.2,98.6,3.66,0.5237,-167.8,202.3
2026-09-25T12:58,0.2579,-0.72,0.4857,-52.8,54.0,-0.12,0.4982,-90.5,98.0,4.79,0.5316,-163.9,200.2
2026-09-25T12:59,0.2575,-0.01,0.4998,-51.6,54.1,-0.24,0.4963,-89.7,96.8,6.50,0.5433,-160.7,200.1
2026-09-25T13:00,0.2562,1.18,0.5225,-53.6,58.7,0.41,0.5059,-93.7,102.5,9.40,0.5594,-166.5,213.1
