issued_utc,price,1h_est_bp,1h_p_up,1h_confident,1h_lo80_bp,1h_hi80_bp,1h_actual_bp,3h_est_bp,3h_p_up,3h_confident,3h_lo80_bp,3h_hi80_bp,3h_actual_bp,24h_est_bp,24h_p_up,24h_confident,24h_lo80_bp,24h_hi80_bp,24h_actual_bp
2025-09-25T00:14,0.8142,0.1,0.5191,1,-66.9,64.9,-70.3,0.4,0.5132,1,-123.1,110.1,-133.5,0.3,0.5071,0,-381.9,317.7,-528.3
2025-09-25T00:29,0.8096,0.6,0.5282,1,-69.1,68.1,-22.3,-0.0,0.5269,1,-128.6,114.2,-185.8,0.3,0.5149,1,-397.9,330.8,-440.6
2025-09-25T00:44,0.8103,0.2,0.5255,1,-69.0,67.1,-83.0,0.0,0.5227,1,-127.5,113.4,-169.3,0.3,0.5128,1,-394.7,328.3,-547.9
2025-09-25T00:59,0.8082,0.2,0.5315,1,-70.3,68.5,-59.6,-0.0,0.5261,1,-130.1,115.5,-93.2,0.3,0.5134,1,-402.4,334.5,-371.8
2025-09-25T01:14,0.8085,0.7,0.5291,1,-73.5,72.4,-45.9,0.1,0.5207,1,-134.4,119.5,-128.2,0.3,0.5139,1,-416.0,346.0,-375.5
2025-09-25T01:29,0.8078,0.5,0.5288,1,-70.9,69.6,-57.1,-0.1,0.5202,1,-130.2,115.4,-147.2,0.2,0.5126,1,-402.4,334.5,-374.6
2025-09-25T01:44,0.8036,0.7,0.5364,1,-73.2,72.2,36.0,-0.1,0.5258,1,-132.6,117.7,-124.0,0.3,0.5147,1,-409.9,341.0,-331.5
2025-09-25T01:59,0.8034,0.6,0.5299,1,-72.1,70.9,48.4,0.0,0.5224,1,-130.8,116.2,-166.9,0.4,0.5169,1,-404.5,336.6,-321.3
2025-09-25T02:14,0.8048,0.4,0.5223,1,-74.0,72.3,-17.4,-0.2,0.5198,1,-134.5,119.2,-137.6,-0.4,0.5129,1,-416.4,345.0,-365.7
2025-09-25T02:29,0.8032,0.5,0.5234,1,-79.3,77.7,-106.4,-0.2,0.5207,1,-145.0,128.5,-59.9,0.3,0.5138,1,-448.1,372.5,-354.8
2025-09-25T02:44,0.8065,-0.4,0.5086,0,-91.8,88.0,-122.3,-0.6,0.5074,0,-167.0,147.3,-138.6,0.3,0.5123,1,-515.0,428.1,-372.6
2025-09-25T02:59,0.8073,-0.4,0.5068,0,-91.0,87.1,-82.1,-0.5,0.5059,0,-166.0,146.6,-124.6,0.3,0.5112,1,-512.3,425.8,-398.0
2025-09-25T03:14,0.8034,0.0,0.5127,1,-88.3,85.5,-64.9,-0.3,0.5134,1,-163.9,145.0,-153.0,-0.4,0.5159,1,-502.7,416.7,-341.8
2025-09-25T03:29,0.7947,0.3,0.5279,1,-93.0,90.6,16.3,-0.1,0.5223,1,-171.6,152.1,-31.5,1.0,0.5218,1,-521.4,434.6,-262.6
2025-09-25T03:44,0.7967,0.2,0.5247,1,-84.8,82.5,-37.7,-0.2,0.5216,1,-155.1,137.3,-73.1,0.8,0.5184,1,-467.3,389.5,-276.2
2025-09-25T03:59,0.8007,-0.1,0.5099,0,-85.0,82.1,-133.3,-0.6,0.5109,1,-155.6,137.2,-137.1,1.3,0.5103,0,-468.3,391.2,-303.0
2025-09-25T04:14,0.7982,-0.0,0.5093,0,-89.3,86.3,-55.3,-0.5,0.5156,1,-163.9,144.5,-91.9,1.4,0.5130,1,-494.2,412.9,-279.5
2025-09-25T04:29,0.796,-0.6,0.5018,0,-92.9,88.7,30.1,-0.4,0.5113,1,-171.2,151.3,-34.0,1.0,0.5118,1,-513.1,427.9,-263.5
2025-09-25T04:44,0.7937,0.4,0.5091,0,-93.9,91.6,21.4,-0.3,0.5137,1,-175.1,155.1,-5.0,0.9,0.5161,1,-526.6,438.9,-263.0
2025-09-25T04:59,0.7901,0.8,0.5187,1,-101.0,99.1,90.7,-0.3,0.5162,1,-187.5,166.0,6.3,1.0,0.5182,1,-559.2,466.0,-205.9
2025-09-25T05:14,0.7938,-0.1,0.5095,0,-102.6,98.9,-32.8,-0.4,0.5105,1,-191.2,169.0,-7.6,0.9,0.5132,1,-565.3,471.0,-212.6
2025-09-25T05:29,0.7984,-0.7,0.4981,0,-98.4,93.7,-78.0,-1.0,0.5025,0,-183.3,160.8,-52.7,0.5,0.5076,0,-541.5,450.5,-247.3
2025-09-25T05:44,0.7954,-0.1,0.5037,0,-95.0,91.8,-56.7,-0.7,0.5073,0,-178.2,157.0,-88.4,1.5,0.5128,1,-527.7,440.9,-267.6
2025-09-25T05:59,0.7973,-1.1,0.4875,1,-92.0,86.7,-94.5,-1.0,0.5023,0,-171.2,150.2,-132.6,1.4,0.5076,0,-507.0,423.4,-322.5
2025-09-25T06:14,0.7912,0.4,0.5104,1,-82.9,81.0,-3.8,-0.3,0.5100,1,-156.7,138.6,2.5,1.6,0.5118,1,-466.4,390.2,-247.0
2025-09-25T06:29,0.7922,0.3,0.5059,0,-80.6,78.7,13.9,-0.4,0.5097,1,-152.7,134.9,-3.8,1.7,0.5106,1,-455.0,380.8,-209.2
2025-09-25T06:44,0.7909,0.4,0.5051,0,-81.4,79.6,30.3,-0.3,0.5101,1,-154.5,136.7,-15.2,1.6,0.5131,1,-461.9,386.4,-183.7
2025-09-25T06:59,0.7898,0.5,0.5123,1,-81.4,79.8,10.1,-0.3,0.5082,0,-152.0,134.5,-49.5,1.8,0.5130,1,-455.0,381.1,-208.5
2025-09-25T07:14,0.7909,0.3,0.5039,0,-78.6,76.5,29.0,-0.4,0.5013,0,-146.7,129.5,-27.9,1.8,0.5099,0,-439.3,368.1,-170.9
2025-09-25T07:29,0.7933,0.1,0.4967,0,-78.3,76.0,11.3,-0.6,0.5010,0,-146.4,128.9,-51.8,1.5,0.5051,0,-439.2,367.4,-236.0
2025-09-25T07:44,0.7933,-0.0,0.4999,0,-75.6,73.1,-62.0,-0.6,0.5023,0,-141.3,124.3,-81.0,1.5,0.5024,0,-424.7,355.2,-296.8
2025-09-25T07:59,0.7906,0.2,0.5070,0,-75.1,73.1,-48.2,-0.4,0.5043,0,-140.9,124.5,-62.2,1.8,0.5081,0,-424.9,356.0,-207.0
2025-09-25T08:14,0.7932,0.2,0.5007,0,-75.6,73.6,-22.7,-0.4,0.4993,0,-142.1,125.5,-110.3,1.4,0.5019,0,-429.6,359.2,-219.2
2025-09-25T08:29,0.7942,0.2,0.5067,0,-74.7,72.6,-29.0,-0.7,0.4997,0,-141.0,124.0,-131.8,1.2,0.5009,0,-426.3,356.2,-222.8
2025-09-25T08:44,0.7884,0.7,0.5204,1,-74.9,73.7,16.5,0.2,0.5074,0,-141.6,126.2,-72.6,1.8,0.5098,0,-431.2,361.3,-146.9
2025-09-25T08:59,0.7868,0.6,0.5198,1,-76.8,75.5,-11.4,0.3,0.5043,0,-145.4,129.6,-71.4,1.9,0.5104,1,-443.6,371.8,-148.5
2025-09-25T09:14,0.7914,0.2,0.5020,0,-77.4,75.2,-34.2,0.0,0.4932,0,-146.1,129.8,-101.6,1.7,0.4995,0,-446.3,373.7,-183.6
2025-09-25T09:29,0.7919,0.3,0.4946,0,-75.8,74.0,-34.2,-0.0,0.4895,1,-143.8,127.7,-274.0,1.7,0.5000,0,-440.0,368.3,-208.0
2025-09-25T09:44,0.7897,0.2,0.4935,0,-75.2,73.2,-35.5,-0.3,0.4905,1,-143.0,126.5,-55.9,2.1,0.5052,0,-437.2,366.8,-248.7
2025-09-25T09:59,0.7859,0.6,0.5061,0,-73.3,72.0,-2.5,0.2,0.4973,0,-139.8,124.7,-15.3,2.2,0.5105,1,-429.8,360.8,-174.6
2025-09-25T10:14,0.7887,0.5,0.5006,0,-70.8,69.3,-53.4,0.1,0.4898,1,-135.2,120.3,-39.4,2.3,0.5058,0,-415.7,349.3,-315.6
2025-09-25T10:29,0.7892,0.5,0.5020,0,-68.8,67.5,-68.7,0.2,0.4982,0,-131.7,117.4,43.0,2.0,0.5100,0,-406.5,341.2,-338.9
2025-09-25T10:44,0.7869,0.6,0.5136,1,-67.3,66.2,-53.5,0.1,0.4988,0,-129.4,115.2,-15.3,2.1,0.5086,0,-399.6,335.7,-307.1
2025-09-25T10:59,0.7857,0.5,0.5161,1,-64.5,63.4,-57.4,0.2,0.5037,0,-124.0,110.6,47.0,2.1,0.5139,1,-384.1,322.8,-302.3
2025-09-25T11:14,0.7845,0.6,0.5203,1,-64.7,63.8,-14.0,0.3,0.5120,1,-124.8,111.5,141.8,1.9,0.5130,1,-387.8,325.4,-339.7
2025-09-25T11:29,0.7838,0.6,0.5187,1,-63.1,62.3,-171.1,0.4,0.5168,1,-122.0,109.0,167.0,1.9,0.5179,1,-379.9,318.8,-299.1
2025-09-25T11:44,0.7827,0.6,0.5241,1,-61.9,61.0,33.2,0.3,0.5185,1,-119.8,107.0,159.7,1.8,0.5170,1,-373.7,313.6,-231.4
2025-09-25T11:59,0.7812,0.6,0.5241,1,-62.5,61.6,44.7,0.4,0.5223,1,-121.2,108.4,162.5,1.9,0.5185,1,-379.1,318.1,-225.3
2025-09-25T12:14,0.7834,0.4,0.5074,0,-62.7,61.4,28.0,0.4,0.5083,1,-121.4,108.5,109.2,1.8,0.5053,0,-380.4,319.2,-328.3
2025-09-25T12:29,0.7705,1.1,0.5298,1,-72.4,72.2,282.8,0.6,0.5272,1,-140.2,125.6,253.7,2.2,0.5182,1,-436.3,366.2,-80.8
2025-09-25T12:44,0.7853,-0.6,0.4843,1,-92.6,88.4,5.1,-0.5,0.4775,1,-177.1,156.3,60.9,2.2,0.4964,0,-549.0,459.8,-125.6
2025-09-25T12:59,0.7847,-0.6,0.4856,1,-95.2,90.9,59.7,-0.9,0.4817,1,-182.8,160.7,80.0,3.0,0.4976,0,-565.9,475.3,-155.4
2025-09-25T13:14,0.7856,-0.6,0.4857,1,-97.1,92.7,127.7,-1.0,0.4802,1,-186.9,164.1,63.4,1.9,0.4966,0,-580.5,485.5,-185.0
2025-09-25T13:29,0.7926,-1.6,0.4589,1,-106.1,99.5,55.4,-1.2,0.4678,1,-198.9,174.4,-119.3,-1.8,0.4874,1,-622.4,513.5,-294.5
2025-09-25T13:44,0.7857,-0.6,0.4868,1,-98.8,94.5,121.4,-1.3,0.4884,1,-187.6,164.2,-34.4,1.9,0.4948,0,-584.2,488.5,-157.8
2025-09-25T13:59,0.7894,-1.0,0.4754,1,-98.2,93.0,58.1,-1.5,0.4792,1,-186.2,162.6,-155.8,-1.5,0.4896,1,-583.7,481.9,-154.5
2025-09-25T14:14,0.7957,-1.3,0.4668,1,-99.5,93.6,-46.6,-1.6,0.4737,1,-186.6,162.8,-363.4,-1.5,0.4859,1,-580.1,478.8,-290.7
2025-09-25T14:29,0.797,-1.0,0.4717,1,-91.5,86.5,-84.4,-1.4,0.4891,1,-174.0,151.8,-352.4,-1.4,0.4923,0,-536.6,442.9,-343.3
2025-09-25T14:44,0.7953,-1.0,0.4782,1,-87.0,82.2,-65.6,-0.9,0.4857,1,-163.6,143.6,-406.8,-1.3,0.4868,1,-502.1,414.5,-350.6
2025-09-25T14:59,0.794,-0.6,0.4847,1,-83.8,80.0,-37.9,-0.8,0.4879,1,-160.3,140.8,-458.7,-1.2,0.4876,1,-488.1,403.0,-348.6
2025-09-25T15:14,0.792,-0.1,0.4883,1,-80.1,77.2,-17.7,-1.0,0.4941,0,-156.0,136.6,-352.1,-1.2,0.4921,0,-470.6,388.6,-289.5
2025-09-25T15:29,0.7903,-0.2,0.4900,1,-77.0,74.0,-90.2,-1.0,0.5028,0,-151.5,132.7,-253.7,-1.1,0.4913,0,-453.3,374.4,-185.2
2025-09-25T15:44,0.7901,-0.2,0.4974,0,-76.1,73.3,-90.3,-1.0,0.5041,0,-150.2,131.6,-230.5,-1.1,0.4912,0,-450.4,371.9,-180.1
2025-09-25T15:59,0.791,-0.2,0.4948,0,-75.1,72.2,-176.0,-1.0,0.5016,0,-148.5,130.0,-177.3,-1.1,0.4887,1,-446.2,368.4,-205.6
2025-09-25T16:14,0.7906,-0.2,0.4978,0,-74.9,72.0,-299.1,-1.0,0.5023,0,-148.4,129.9,-161.9,-1.1,0.4890,1,-446.5,368.7,-154.2
2025-09-25T16:29,0.7832,0.5,0.5182,1,-81.9,80.3,-177.8,-0.9,0.5113,1,-160.7,141.1,-37.1,2.3,0.4978,0,-481.7,404.1,-34.5
2025-09-25T16:44,0.783,0.3,0.5177,1,-83.1,80.9,-250.9,-0.9,0.5101,1,-159.6,140.0,-89.8,2.3,0.4946,0,-479.2,402.1,-21.7
2025-09-25T16:59,0.7772,0.8,0.5262,1,-90.1,88.7,-244.9,-0.8,0.5257,1,-170.7,150.1,-72.3,2.4,0.5075,0,-514.3,431.3,82.0
2025-09-25T17:14,0.7673,1.3,0.5437,1,-96.4,95.8,-35.3,-0.0,0.5388,1,-181.2,161.0,26.0,2.6,0.5182,1,-544.1,456.5,231.9
2025-09-25T17:29,0.7694,0.7,0.5268,1,-99.2,97.3,14.3,-0.7,0.5229,1,-184.5,162.6,-5.2,2.5,0.5136,1,-547.6,459.2,260.4
2025-09-25T17:44,0.7636,0.9,0.5355,1,-110.0,108.2,110.7,-0.4,0.5305,1,-202.9,179.5,43.1,2.8,0.5139,1,-598.4,501.9,320.9
2025-09-25T17:59,0.7584,0.9,0.5301,1,-119.0,116.9,243.6,-0.4,0.5361,1,-217.6,192.5,86.6,2.9,0.5167,1,-636.6,533.9,400.6
2025-09-25T18:14,0.7646,-0.5,0.5132,1,-119.6,114.7,172.5,-1.0,0.5126,1,-219.3,192.9,61.3,2.9,0.5085,0,-634.9,532.3,369.7
2025-09-25T18:29,0.7705,-0.8,0.5082,0,-124.3,118.7,126.4,-1.6,0.5112,1,-230.6,201.9,-61.2,3.0,0.4980,0,-660.9,554.2,325.6
2025-09-25T18:44,0.7721,-0.8,0.4994,0,-118.8,113.3,50.4,-1.5,0.5042,0,-218.5,191.3,-101.5,2.9,0.4982,0,-621.1,520.9,250.7
2025-09-25T18:59,0.7771,-1.3,0.4886,1,-113.0,106.8,-71.0,-1.5,0.5014,0,-205.4,179.7,-99.6,0.5,0.4958,0,-581.2,483.5,201.3
2025-09-25T19:14,0.7779,-1.2,0.4886,1,-111.1,105.1,-111.2,-1.4,0.5058,0,-200.4,175.4,-60.6,0.4,0.4975,0,-562.6,467.9,165.7
2025-09-25T19:29,0.7803,-1.0,0.4836,1,-102.7,97.4,-145.9,-1.1,0.5059,0,-182.0,159.5,-129.0,-1.2,0.4965,0,-513.9,424.4,102.0
2025-09-25T19:44,0.776,-0.6,0.5051,0,-100.5,96.1,-118.0,-0.7,0.5119,1,-178.8,157.4,-85.4,1.9,0.4997,0,-504.0,421.9,128.0
2025-09-25T19:59,0.7716,0.5,0.5210,1,-98.2,96.0,-85.9,-0.3,0.5279,1,-176.6,156.4,-53.3,2.7,0.5064,0,-499.3,419.4,224.3
2025-09-25T20:14,0.7693,0.5,0.5172,1,-100.0,97.8,0.0,-0.1,0.5325,1,-176.4,156.5,-22.1,2.5,0.5108,1,-500.4,420.0,275.6
2025-09-25T20:29,0.769,0.7,0.5252,1,-100.9,99.0,-41.7,-0.0,0.5345,1,-175.0,155.4,-37.8,2.5,0.5180,1,-497.7,417.8,256.8
2025-09-25T20:44,0.7669,0.5,0.5205,1,-103.3,101.0,-34.0,0.1,0.5367,1,-175.7,156.2,-66.7,2.5,0.5196,1,-500.8,420.3,258.7
2025-09-25T20:59,0.765,0.6,0.5194,1,-105.0,102.7,57.4,0.3,0.5384,1,-178.7,159.2,-17.0,2.6,0.5213,1,-510.9,428.9,296.2
2025-09-25T21:14,0.7693,0.1,0.5042,0,-111.2,107.8,50.6,-0.2,0.5161,1,-189.2,167.7,38.9,2.6,0.5082,0,-540.8,453.8,265.5
2025-09-25T21:29,0.7658,0.6,0.5205,1,-113.2,110.7,58.6,0.1,0.5348,1,-193.6,172.1,115.5,2.8,0.5180,1,-555.3,466.1,327.6
2025-09-25T21:44,0.7643,0.6,0.5222,1,-113.3,110.8,66.5,0.3,0.5322,1,-194.0,172.8,36.6,2.7,0.5166,1,-558.1,468.3,319.3
2025-09-25T21:59,0.7694,-0.4,0.5096,0,-115.1,110.4,-24.7,-0.5,0.5183,1,-196.3,173.5,120.1,2.9,0.5008,0,-563.5,473.2,273.1
2025-09-25T22:14,0.7732,-0.7,0.5042,0,-116.3,111.0,-72.7,-0.9,0.5199,1,-198.7,174.7,70.9,2.0,0.4991,0,-571.2,477.9,249.1
2025-09-25T22:29,0.7703,-0.6,0.5103,0,-112.6,107.8,-54.7,-0.8,0.5218,1,-193.0,169.9,100.8,2.7,0.5014,0,-555.3,466.1,274.0
2025-09-25T22:44,0.7694,-0.5,0.5103,0,-110.2,105.5,-99.3,-0.8,0.5215,1,-189.3,166.6,103.4,2.9,0.5015,0,-545.7,458.3,281.9
2025-09-25T22:59,0.7675,0.3,0.5243,1,-107.1,104.1,-49.6,-0.8,0.5328,1,-185.6,163.5,135.9,2.9,0.5079,0,-536.2,450.4,297.8
2025-09-25T23:14,0.7676,0.4,0.5318,1,-106.7,104.1,61.0,-0.7,0.5358,1,-185.6,163.6,107.5,2.7,0.5057,0,-537.7,451.3,277.5
2025-09-25T23:29,0.7661,0.5,0.5314,1,-106.4,103.9,111.6,-0.2,0.5344,1,-185.1,164.0,118.1,3.0,0.5088,0,-538.2,452.3,317.3
2025-09-25T23:44,0.7618,0.7,0.5365,1,-111.4,109.2,69.3,0.1,0.5332,1,-194.3,172.7,197.6,3.2,0.5129,1,-566.9,476.5,372.3
2025-09-25T23:59,0.7637,0.6,0.5325,1,-107.2,104.9,194.5,-0.1,0.5300,1,-187.3,166.2,157.2,3.0,0.5097,0,-547.3,459.9,362.6
2025-09-26T00:14,0.7723,-1.1,0.5170,1,-109.7,106.5,82.5,-0.9,0.5247,1,-188.7,169.7,52.9,1.7,0.5001,0,-582.6,481.3,227.9
2025-09-26T00:29,0.7747,-1.3,0.5018,0,-108.5,105.0,43.8,-0.9,0.5206,1,-183.2,164.7,-7.7,-1.1,0.4977,0,-571.5,467.1,209.5
2025-09-26T00:44,0.7671,-0.6,0.5188,1,-105.0,102.9,133.4,-1.0,0.5339,1,-178.9,160.5,102.5,3.1,0.5147,1,-556.8,462.7,310.6
2025-09-26T00:59,0.7787,-1.8,0.4905,0,-129.1,124.3,-9.0,-1.2,0.5070,0,-214.1,192.2,-24.4,-1.7,0.4939,0,-672.6,549.1,173.1
2025-09-26T01:14,0.7787,-1.3,0.4989,0,-122.5,118.7,-36.0,-0.8,0.5125,1,-203.9,183.6,-32.2,-1.5,0.4993,0,-642.0,524.4,160.5
2025-09-26T01:29,0.7781,-1.1,0.4961,0,-124.1,120.8,-37.3,-1.0,0.5138,1,-207.6,186.6,-36.0,-1.7,0.5010,0,-654.0,533.8,148.0
2025-09-26T01:44,0.7774,-1.3,0.4904,0,-123.4,119.6,-5.1,-0.7,0.5047,0,-202.0,182.2,-55.5,-1.5,0.5007,0,-637.9,521.0,159.5
2025-09-26T01:59,0.778,-0.3,0.5022,0,-106.5,104.8,-28.3,-0.7,0.5194,1,-176.1,158.7,-51.5,-1.3,0.5007,0,-556.4,454.5,156.9
2025-09-26T02:14,0.7759,-0.1,0.5074,0,-109.1,107.9,6.4,-0.4,0.5244,1,-180.9,163.5,15.5,-1.3,0.5023,0,-572.9,468.0,191.5
2025-09-26T02:29,0.7752,-0.2,0.5071,0,-107.2,105.9,-14.2,-0.4,0.5244,1,-178.1,160.9,47.6,-1.3,0.5022,0,-564.3,461.0,184.1
2025-09-26T02:44,0.777,-0.5,0.5034,0,-107.0,105.1,-25.8,-0.5,0.5218,1,-179.4,162.0,-33.5,-1.3,0.5001,0,-563.4,460.2,179.8
2025-09-26T02:59,0.7758,-0.1,0.5059,0,-105.4,104.2,12.9,-0.2,0.5278,1,-177.4,160.7,-49.1,-1.3,0.5026,0,-558.4,456.1,171.3
2025-09-26T03:14,0.7764,-0.7,0.5064,0,-100.9,98.7,-2.6,-0.5,0.5297,1,-169.5,153.1,-58.1,-1.2,0.4986,0,-533.4,435.7,177.4
2025-09-26T03:29,0.7741,-0.3,0.5110,0,-98.2,96.6,15.5,-0.4,0.5223,1,-165.7,149.8,21.9,-1.2,0.5004,0,-522.3,426.6,245.0
2025-09-26T03:44,0.775,-0.3,0.5064,0,-96.2,94.6,-24.5,-0.4,0.5235,1,-162.7,146.9,19.3,-1.2,0.4977,0,-513.0,418.9,238.4
2025-09-26T03:59,0.7768,-0.5,0.5086,0,-94.1,92.2,-36.1,-0.4,0.5164,1,-159.2,143.8,-42.6,-1.2,0.4968,0,-502.6,410.4,197.6
2025-09-26T04:14,0.7762,-0.3,0.5091,0,-92.3,90.8,11.6,-0.4,0.5156,1,-156.6,141.6,16.7,-1.2,0.4980,0,-495.1,404.3,188.9
2025-09-26T04:29,0.7753,-0.5,0.5083,0,-92.2,90.4,46.3,-0.4,0.5176,1,-156.6,141.5,-6.5,-1.2,0.4983,0,-495.3,404.5,225.7
2025-09-26T04:44,0.7731,-0.0,0.5143,1,-92.9,91.9,16.8,-0.3,0.5195,1,-158.8,143.5,-38.9,-1.1,0.4990,0,-502.8,410.8,242.8
2025-09-26T04:59,0.774,-0.1,0.5092,0,-91.2,90.2,-25.9,-0.4,0.5182,1,-156.2,141.2,5.2,-1.2,0.4973,0,-495.3,404.5,226.1
2025-09-26T05:14,0.7771,-0.7,0.5081,0,-90.9,88.7,-67.1,-0.5,0.5190,1,-155.1,139.9,-14.2,-1.2,0.4947,0,-491.7,401.5,155.8
2025-09-26T05:29,0.7789,-0.9,0.5070,0,-89.1,86.5,-39.9,-0.6,0.5168,1,-152.1,136.9,-28.3,-1.4,0.4931,0,-482.5,393.5,133.9
2025-09-26T05:44,0.7744,-0.3,0.5126,1,-87.3,85.9,27.1,-0.4,0.5240,1,-150.0,135.5,32.2,-1.1,0.4981,0,-476.9,389.4,212.1
2025-09-26T05:59,0.772,0.1,0.5191,1,-88.1,87.5,19.4,-0.4,0.5250,1,-152.4,137.8,41.4,-1.1,0.5010,0,-485.2,396.2,246.9
2025-09-26T06:14,0.7719,0.1,0.5177,1,-86.1,85.6,72.3,-0.3,0.5190,1,-149.2,135.0,65.9,-1.1,0.5037,0,-475.6,388.5,225.4
2025-09-26T06:29,0.7758,-0.2,0.5076,0,-93.7,92.4,-12.9,-0.4,0.5108,1,-162.2,146.5,-2.6,-1.3,0.4990,0,-517.3,422.3,175.1
2025-09-26T06:44,0.7765,-0.3,0.5028,0,-93.5,92.1,-82.8,0.2,0.5093,0,-161.3,147.0,-80.2,-1.3,0.4985,0,-517.1,422.2,167.3
2025-09-26T06:59,0.7735,-0.4,0.5028,0,-90.1,88.5,11.6,-0.3,0.5062,0,-156.2,141.3,-15.5,-1.1,0.5005,0,-499.3,407.9,213.6
2025-09-26T07:14,0.7775,-1.0,0.4915,0,-90.5,87.7,-19.3,-0.6,0.4965,0,-156.4,141.0,-172.5,-1.3,0.4955,0,-499.7,407.9,154.4
2025-09-26T07:29,0.7748,-0.3,0.5030,0,-82.7,81.4,24.5,-0.4,0.5133,1,-144.2,130.3,-154.8,-1.0,0.5007,0,-461.6,377.1,166.4
2025-09-26T07:44,0.7701,0.0,0.5106,0,-88.3,87.6,87.9,-0.6,0.5169,1,-155.1,139.6,-91.3,-0.7,0.5035,0,-495.7,405.7,172.5
2025-09-26T07:59,0.7744,-0.7,0.4968,0,-87.2,85.0,10.3,-0.6,0.5034,0,-152.1,137.0,-157.5,-1.1,0.4982,0,-487.2,398.0,120.7
2025-09-26T08:14,0.776,-0.5,0.4966,0,-87.6,85.9,12.9,-0.8,0.5040,0,-153.7,138.1,-230.7,-2.0,0.4971,0,-493.2,401.1,61.7
2025-09-26T08:29,0.7767,-0.7,0.4951,0,-87.6,85.4,-14.2,-0.8,0.5017,0,-153.7,138.0,-208.2,-2.1,0.4964,0,-493.5,401.4,71.8
2025-09-26T08:44,0.7769,-1.0,0.4822,1,-84.2,81.4,-85.3,-1.1,0.4903,0,-144.8,129.5,-157.0,-2.0,0.4947,0,-464.4,377.7,55.2
2025-09-26T08:59,0.7752,-0.5,0.4915,0,-82.5,80.8,-37.5,-1.0,0.4967,0,-142.9,128.0,-148.2,-1.9,0.4984,0,-459.2,373.5,55.3
2025-09-26T09:14,0.777,-0.6,0.4887,0,-80.3,78.5,-166.1,-1.0,0.4942,0,-139.3,124.6,-246.3,-1.9,0.4959,0,-447.9,364.2,-2.6
2025-09-26T09:29,0.7756,-0.4,0.4997,0,-78.9,77.4,-165.1,-0.9,0.5107,0,-137.3,123.0,-146.8,-1.8,0.4977,0,-442.0,359.6,29.6
2025-09-26T09:44,0.7703,0.1,0.5094,0,-81.4,80.8,-93.9,-0.6,0.5179,1,-139.7,125.7,67.3,-1.7,0.5064,0,-450.9,367.1,131.5
2025-09-26T09:59,0.7723,-0.2,0.4977,0,-82.0,80.9,-130.3,-0.7,0.5005,0,-140.6,126.4,3.9,-1.8,0.5003,0,-454.4,369.8,133.8
2025-09-26T10:14,0.7642,0.5,0.5178,1,-89.2,89.3,-77.5,0.1,0.5242,1,-152.0,138.2,91.2,1.5,0.5142,1,-485.9,401.6,229.0
2025-09-26T10:29,0.7629,0.5,0.5155,1,-91.2,91.3,-28.9,0.0,0.5196,1,-154.3,140.2,87.4,1.5,0.5122,1,-488.7,403.9,242.2
2025-09-26T10:44,0.7631,0.2,0.5081,0,-92.2,91.7,22.3,-0.1,0.5137,1,-152.8,138.6,134.1,2.6,0.5093,1,-483.0,401.1,281.7
2025-09-26T10:59,0.7623,0.3,0.5129,1,-93.2,92.9,19.7,0.2,0.5145,1,-153.1,139.4,194.9,2.4,0.5123,1,-480.6,398.9,285.8
2025-09-26T11:14,0.7583,0.3,0.5184,1,-89.4,89.2,-2.6,0.3,0.5196,1,-148.6,135.5,190.7,2.3,0.5204,1,-462.7,384.1,330.7
2025-09-26T11:29,0.7607,-0.1,0.5102,0,-90.7,89.7,47.2,0.2,0.5099,0,-152.0,138.4,122.8,2.3,0.5122,1,-468.6,389.0,314.4
2025-09-26T11:44,0.7648,-0.2,0.4996,0,-93.0,91.6,138.9,-0.0,0.4990,0,-157.6,143.1,40.5,2.4,0.5034,0,-481.0,399.2,233.9
2025-09-26T11:59,0.7638,-0.1,0.5002,0,-93.3,92.2,114.6,0.0,0.5045,0,-160.3,145.7,39.2,2.4,0.5067,0,-485.0,402.5,250.8
2025-09-26T12:14,0.7581,0.2,0.5139,1,-93.7,93.2,171.3,0.2,0.5178,1,-163.2,148.7,148.0,2.4,0.5149,1,-489.9,406.6,310.4
2025-09-26T12:29,0.7643,-0.4,0.4978,0,-96.4,94.8,69.1,0.1,0.4948,0,-169.2,153.8,149.3,2.2,0.5033,0,-503.1,417.0,221.3
2025-09-26T12:44,0.7755,-1.6,0.4723,1,-125.2,120.9,-27.1,-0.9,0.4824,1,-214.8,193.4,6.4,-1.7,0.4930,1,-641.0,523.1,109.0
2025-09-26T12:59,0.7726,-1.2,0.4776,1,-127.4,123.7,60.6,-0.6,0.4884,1,-215.0,194.0,29.7,-1.7,0.4958,0,-642.8,524.7,166.9
2025-09-26T13:14,0.7712,-1.4,0.4674,1,-127.1,123.2,22.0,-0.8,0.4856,1,-210.7,189.8,94.2,-1.7,0.4980,0,-630.1,514.2,168.4
2025-09-26T13:29,0.7696,-1.0,0.4784,1,-123.4,120.2,6.5,-1.0,0.4872,1,-205.6,184.9,140.6,-1.6,0.4992,0,-614.9,501.9,193.0
2025-09-26T13:44,0.7734,0.1,0.4840,1,-98.8,98.1,-71.4,0.3,0.4928,0,-165.5,150.8,101.6,-1.7,0.4974,0,-499.0,406.5,161.6
2025-09-26T13:59,0.7773,-0.9,0.4773,1,-102.3,99.6,-136.0,-0.5,0.4871,1,-172.5,155.8,80.7,-1.8,0.4958,0,-513.4,418.2,106.2
2025-09-26T14:14,0.7729,-0.6,0.4820,1,-104.5,102.3,-45.4,-0.4,0.4952,0,-178.8,161.6,159.2,-1.4,0.4995,0,-526.9,430.1,174.4
2025-09-26T14:29,0.7701,-0.2,0.4849,1,-107.3,105.9,73.7,-0.3,0.4958,0,-184.5,167.1,251.3,-1.4,0.5001,0,-544.8,444.8,201.8
2025-09-26T14:44,0.7679,-0.2,0.4913,0,-105.6,104.2,104.9,-0.3,0.4991,0,-181.9,164.6,264.7,-1.2,0.5016,0,-537.5,439.0,235.5
2025-09-26T14:59,0.7668,0.0,0.5006,0,-105.1,104.2,105.1,-0.2,0.5093,0,-178.2,161.4,290.5,-1.2,0.5018,0,-527.1,430.6,223.1
2025-09-26T15:14,0.7694,-0.3,0.4836,1,-108.0,106.3,117.6,-0.4,0.4941,0,-183.0,165.4,307.2,-1.3,0.4981,0,-541.5,442.2,159.9
2025-09-26T15:29,0.7758,-1.2,0.4752,1,-113.3,109.8,60.4,-0.6,0.4855,1,-191.1,172.4,257.0,-1.6,0.4929,0,-565.8,461.6,89.8
2025-09-26T15:44,0.776,-1.2,0.4819,1,-114.0,110.6,68.1,-0.6,0.4878,1,-188.9,170.4,200.3,-1.6,0.4916,1,-559.8,456.6,105.1
2025-09-26T15:59,0.7749,-1.2,0.4815,1,-114.5,111.1,111.6,-0.6,0.4929,0,-186.3,168.1,229.6,-1.5,0.4929,0,-552.7,451.0,135.9
2025-09-26T16:14,0.7785,-1.3,0.4799,1,-113.8,110.1,87.0,-0.7,0.4897,0,-181.8,163.8,158.0,-1.6,0.4896,1,-539.5,440.1,76.8
2025-09-26T16:29,0.7805,-1.0,0.4750,1,-110.6,107.6,117.2,-0.5,0.4864,1,-177.3,160.1,99.4,-1.5,0.4895,1,-527.2,430.2,49.8
2025-09-26T16:44,0.7813,-0.9,0.4724,1,-109.5,106.7,91.7,-0.2,0.4854,1,-175.7,159.3,60.0,-1.7,0.4882,1,-524.2,427.3,43.4
2025-09-26T16:59,0.7836,-1.1,0.4673,1,-111.2,107.9,73.7,-0.3,0.4805,1,-175.1,158.4,69.9,-1.7,0.4862,1,-522.5,425.8,-7.7
2025-09-26T17:14,0.7853,-0.8,0.4644,1,-109.4,106.7,102.6,-0.3,0.4747,1,-173.0,156.6,69.8,-1.4,0.4844,1,-516.5,421.4,-63.9
2025-09-26T17:29,0.7897,-0.9,0.4587,1,-111.2,108.3,79.5,-0.4,0.4757,1,-174.5,157.7,-8.9,-1.3,0.4842,1,-515.8,421.0,-145.4
2025-09-26T17:44,0.7885,-0.7,0.4603,1,-109.5,107.1,40.5,-0.3,0.4763,1,-174.1,157.6,-19.0,-0.0,0.4849,1,-509.2,417.9,-109.7
2025-09-26T17:59,0.7894,-0.7,0.4594,1,-108.8,106.5,44.2,-0.1,0.4705,1,-174.9,158.7,-17.8,0.7,0.4830,1,-506.8,417.3,-109.5
2025-09-26T18:14,0.7934,-0.8,0.4622,1,-111.2,108.6,-31.6,-0.5,0.4694,1,-181.1,163.6,-42.9,-0.1,0.4782,1,-519.9,426.6,-174.2
2025-09-26T18:29,0.796,-0.7,0.4646,1,-105.1,102.7,-97.2,-0.4,0.4792,1,-173.3,156.6,-59.2,-0.2,0.4785,1,-493.2,404.6,-197.9
2025-09-26T18:44,0.7917,-0.6,0.4716,1,-102.1,100.0,-72.3,-0.7,0.4859,1,-170.9,153.8,-32.9,0.2,0.4905,1,-480.6,394.9,-165.6
2025-09-26T18:59,0.7929,-0.7,0.4718,1,-100.6,98.2,-48.0,-0.8,0.4858,1,-170.2,153.1,-27.8,-0.5,0.4890,1,-475.0,389.1,-155.1
2025-09-26T19:14,0.7909,-0.3,0.4813,1,-96.4,94.9,-1.3,-0.4,0.4908,0,-163.7,148.0,22.7,-0.9,0.4914,1,-458.7,374.9,-133.6
2025-09-26T19:29,0.7883,-0.2,0.4849,1,-96.4,95.1,8.9,-0.5,0.5004,0,-164.3,148.3,43.0,-1.6,0.4938,0,-461.2,375.7,-79.0
2025-09-26T19:44,0.786,-0.3,0.4933,0,-95.0,93.5,12.7,-0.5,0.5036,0,-162.1,146.3,68.5,-1.7,0.4936,0,-455.7,371.0,-70.2
2025-09-26T19:59,0.7891,-0.5,0.4765,1,-95.5,93.6,-13.9,-0.8,0.4905,0,-163.2,146.8,20.3,-0.6,0.4892,1,-457.2,374.3,-96.8
2025-09-26T20:14,0.7908,-0.6,0.4720,1,-94.3,92.2,-10.1,-0.9,0.4821,1,-161.4,144.9,-20.3,-0.5,0.4882,1,-452.3,370.3,-120.9
2025-09-26T20:29,0.789,-0.5,0.4811,1,-93.1,91.2,29.1,-0.8,0.4837,1,-159.7,143.6,22.8,-0.7,0.4896,1,-448.4,366.8,-117.3
2025-09-26T20:44,0.787,-0.4,0.4841,1,-89.9,88.3,26.6,-0.8,0.4893,1,-154.8,139.1,46.9,-0.6,0.4920,0,-435.0,355.9,-88.1
2025-09-26T20:59,0.788,-0.1,0.4851,1,-87.5,86.5,34.2,-0.3,0.4849,1,-150.9,136.5,49.4,-0.6,0.4913,1,-425.7,348.4,-105.9
2025-09-26T21:14,0.79,-0.0,0.4825,1,-84.5,83.7,34.1,-0.2,0.4802,1,-146.1,132.3,1.3,-0.6,0.4887,1,-412.9,337.9,-122.3
2025-09-26T21:29,0.7913,-0.4,0.4705,1,-82.4,80.8,5.1,-0.8,0.4721,1,-142.7,128.1,-2.5,-0.4,0.4888,1,-401.9,329.1,-131.0
2025-09-26T21:44,0.7891,-0.5,0.4764,1,-82.6,80.9,29.1,-0.8,0.4820,1,-143.2,128.6,27.8,0.1,0.4919,0,-403.2,331.1,-85.3
2025-09-26T21:59,0.7907,-0.2,0.4740,1,-82.0,80.8,0.0,-0.2,0.4781,1,-142.3,128.8,20.2,0.2,0.4889,1,-402.3,330.7,-92.8
2025-09-26T22:14,0.7927,-0.7,0.4708,1,-82.9,80.7,-44.3,-0.8,0.4763,1,-143.9,129.1,-17.7,0.2,0.4877,1,-405.7,333.4,-97.6
2025-09-26T22:29,0.7917,-0.5,0.4704,1,-80.1,78.3,-11.4,-0.8,0.4798,1,-139.6,125.3,-25.3,-0.4,0.4888,1,-394.7,323.3,-46.8
2025-09-26T22:44,0.7914,-0.5,0.4696,1,-78.4,76.7,-8.8,-0.7,0.4745,1,-136.9,122.9,-19.0,0.2,0.4896,1,-386.9,317.9,-71.0
2025-09-26T22:59,0.7907,-0.4,0.4788,1,-77.4,75.9,15.2,-0.7,0.4808,1,-135.6,121.8,-5.1,0.2,0.4906,1,-383.6,315.3,-77.4
2025-09-26T23:14,0.7892,-0.1,0.4858,1,-74.9,74.0,11.4,-0.6,0.4858,1,-131.8,118.6,21.5,0.1,0.4924,0,-373.7,306.9,-72.5
2025-09-26T23:29,0.7908,-0.4,0.4745,1,-74.1,72.6,3.8,-0.7,0.4788,1,-130.3,116.9,-15.2,-0.3,0.4877,1,-369.7,302.9,-118.3
2025-09-26T23:44,0.7907,-0.3,0.4705,1,-73.2,71.8,7.6,-0.7,0.4770,1,-129.0,115.9,5.1,0.6,0.4900,1,-365.8,301.3,-118.3
2025-09-26T23:59,0.7919,-0.7,0.4673,1,-72.9,70.9,5.0,-1.0,0.4699,1,-128.5,114.8,-34.2,0.0,0.4858,1,-364.2,299.0,-139.9
2025-09-27T00:14,0.7901,-0.4,0.4874,1,-72.3,69.0,15.2,-0.9,0.4794,1,-126.8,113.8,2.5,-1.1,0.4867,1,-346.7,300.2,-154.3
2025-09-27T00:29,0.7911,-0.4,0.4830,1,-72.0,68.6,-17.7,-0.9,0.4833,1,-126.4,113.4,27.8,-0.9,0.4858,1,-345.8,299.8,-119.5
2025-09-27T00:44,0.7913,-0.5,0.4777,1,-71.0,67.4,-17.7,-0.9,0.4728,1,-124.7,111.9,30.3,0.4,0.4831,1,-340.1,297.2,-137.4
2025-09-27T00:59,0.7923,-0.5,0.4794,1,-70.1,66.6,-25.3,-1.0,0.4808,1,-123.5,110.7,0.0,-1.3,0.4872,1,-338.8,292.8,-177.0
2025-09-27T01:14,0.7913,-0.5,0.4829,1,-69.6,66.1,-5.1,-0.8,0.4813,1,-122.7,110.2,-3.8,-1.4,0.4892,1,-337.3,291.5,-197.8
2025-09-27T01:29,0.7897,-0.3,0.4977,0,-68.4,65.4,-1.3,-0.6,0.4948,0,-121.0,109.1,41.7,-1.4,0.4920,0,-333.6,288.3,-175.0
2025-09-27T01:44,0.7899,-0.4,0.4956,0,-67.9,64.7,15.2,-0.4,0.4916,0,-120.0,108.5,27.8,-1.4,0.4911,1,-331.5,286.4,-215.0
2025-09-27T01:59,0.7903,-0.3,0.4904,0,-66.4,63.4,-13.9,-0.4,0.4897,0,-117.6,106.4,17.7,-1.3,0.4912,1,-325.4,281.2,-217.5
2025-09-27T02:14,0.7909,-0.4,0.4837,1,-65.3,62.1,-7.6,-0.5,0.4833,1,-115.9,104.6,-20.3,-1.1,0.4896,1,-320.4,277.2,-219.9
2025-09-27T02:29,0.7896,-0.3,0.4935,0,-65.7,62.6,46.7,-0.5,0.4862,1,-116.8,105.6,-2.5,-1.1,0.4903,1,-323.4,279.9,-176.3
2025-09-27T02:44,0.7911,-0.3,0.4855,1,-65.4,62.4,32.8,-0.3,0.4779,1,-116.4,105.5,-1.3,-1.1,0.4845,1,-323.1,279.7,-214.6
2025-09-27T02:59,0.7892,-0.3,0.4958,0,-65.3,62.4,39.2,-0.4,0.4891,0,-116.6,105.5,26.6,-1.1,0.4909,1,-323.6,280.1,-184.1
2025-09-27T03:14,0.7903,-0.4,0.4867,1,-65.7,62.6,8.9,-0.7,0.4838,1,-117.7,106.0,-10.1,-0.8,0.4884,1,-326.1,282.7,-189.0
2025-09-27T03:29,0.7933,-0.7,0.4718,1,-65.5,61.7,-3.8,-0.6,0.4625,1,-117.0,105.4,-48.0,-0.6,0.4830,1,-324.2,281.5,-238.5
2025-09-27T03:44,0.7937,-0.5,0.4756,1,-64.5,61.3,-20.2,-0.4,0.4644,1,-115.6,104.5,-51.8,-0.9,0.4848,1,-321.5,278.6,-248.8
2025-09-27T03:59,0.7923,-0.6,0.4812,1,-64.0,60.6,-7.6,-0.7,0.4704,1,-115.1,103.5,-26.5,-0.9,0.4870,1,-319.7,277.0,-220.8
2025-09-27T04:14,0.791,-0.3,0.4847,1,-62.8,59.9,-21.5,-0.9,0.4794,1,-113.6,101.9,-17.7,-1.0,0.4903,1,-315.7,273.3,-221.1
2025-09-27T04:29,0.793,-0.5,0.4731,1,-61.4,58.2,-45.5,-0.6,0.4684,1,-110.8,99.9,-65.8,-0.9,0.4867,1,-308.7,267.5,-251.6
2025-09-27T04:44,0.7921,-0.4,0.4760,1,-60.6,57.7,-13.9,-0.8,0.4719,1,-110.0,98.6,-109.2,-0.8,0.4908,1,-306.0,265.2,-218.2
2025-09-27T04:59,0.7917,-0.4,0.4785,1,-60.3,57.5,-5.1,-0.5,0.4780,1,-109.5,98.8,-100.3,-0.9,0.4892,1,-305.8,265.0,-211.9
2025-09-27T05:14,0.7893,-0.1,0.4914,0,-60.1,57.7,2.5,-0.5,0.4901,0,-109.7,99.1,-108.3,-1.0,0.4965,0,-307.0,265.7,-207.4
2025-09-27T05:29,0.7894,-0.1,0.4916,0,-59.8,57.4,1.3,-0.8,0.4918,0,-109.5,98.4,-90.3,-1.1,0.4961,0,-306.0,264.8,-175.1
2025-09-27T05:44,0.791,-0.3,0.4807,1,-59.6,56.9,-17.7,-0.8,0.4772,1,-109.2,98.0,-124.7,-1.0,0.4899,1,-305.3,264.2,-210.8
2025-09-27T05:59,0.7913,-0.4,0.4722,1,-59.5,56.7,-13.9,-0.8,0.4750,1,-109.2,97.9,-150.2,-1.0,0.4901,1,-305.4,264.4,-221.1
2025-09-27T06:14,0.7895,-0.2,0.4859,1,-58.5,55.9,1.3,-0.6,0.4826,1,-107.5,96.8,-162.2,-0.7,0.4939,0,-301.3,261.4,-208.6
2025-09-27T06:29,0.7895,-0.3,0.4871,1,-57.7,55.1,-21.6,-0.8,0.4861,1,-106.4,95.5,-148.0,-0.7,0.4935,0,-298.1,258.6,-254.0
2025-09-27T06:44,0.7896,-0.2,0.4865,1,-57.1,54.7,-77.6,-0.5,0.4857,1,-105.4,95.2,-115.9,-0.6,0.4952,0,-296.3,257.1,-222.8
2025-09-27T06:59,0.7902,-0.2,0.4817,1,-56.3,53.8,-81.3,-0.5,0.4831,1,-104.0,93.8,-95.4,-0.6,0.4929,0,-292.4,253.8,-225.2
2025-09-27T07:14,0.7896,-0.2,0.4811,1,-56.3,53.9,-112.1,-0.5,0.4819,1,-104.3,94.1,-98.0,-0.9,0.4953,0,-294.0,254.7,-234.5
2025-09-27T07:29,0.7878,-0.1,0.4907,0,-56.6,54.4,-70.1,-0.5,0.4958,0,-105.2,95.1,-79.0,-0.7,0.4979,0,-296.9,257.5,-189.7
2025-09-27T07:44,0.7835,0.1,0.4947,0,-64.6,62.5,-29.4,-0.3,0.4991,0,-118.1,107.1,17.9,-1.1,0.4999,0,-334.4,289.4,-134.9
2025-09-27T07:59,0.7838,0.0,0.4931,0,-65.8,63.4,-55.0,-0.5,0.4927,0,-118.1,106.6,7.7,-1.4,0.4987,0,-334.4,289.0,-137.5
2025-09-27T08:14,0.7808,0.2,0.4947,0,-68.3,66.2,-51.4,-0.3,0.4935,0,-120.6,109.3,38.3,-1.6,0.5014,0,-342.5,295.7,-115.9
2025-09-27T08:29,0.7823,-0.0,0.4864,1,-69.2,66.7,-56.4,-0.4,0.4871,1,-119.7,108.4,34.5,-1.6,0.4995,0,-340.3,293.7,-152.0
2025-09-27T08:44,0.7812,0.0,0.4898,0,-62.3,60.1,-9.0,-0.3,0.4889,0,-109.1,98.8,21.7,-1.4,0.5013,0,-307.4,265.4,-141.8
2025-09-27T08:59,0.7795,0.1,0.4950,0,-62.6,60.6,41.0,-0.3,0.4935,0,-111.0,100.6,47.4,-1.4,0.5028,0,-310.0,267.7,-121.3
2025-09-27T09:14,0.7768,0.3,0.4996,0,-61.9,60.3,65.4,-0.2,0.4944,0,-111.4,101.2,66.7,-1.4,0.5054,0,-308.6,266.5,-106.1
2025-09-27T09:29,0.7779,0.2,0.5001,0,-61.6,59.9,47.5,-0.1,0.4930,0,-112.0,101.9,44.9,-1.3,0.5039,0,-307.8,265.8,-120.3
2025-09-27T09:44,0.7805,-0.2,0.4837,1,-63.1,60.6,56.2,-0.3,0.4804,1,-115.7,104.8,44.7,-1.0,0.4992,0,-314.0,271.8,-126.4
2025-09-27T09:59,0.7827,-0.3,0.4713,1,-66.1,63.0,21.7,-0.5,0.4705,1,-121.1,109.5,37.0,-1.3,0.4974,0,-328.8,284.3,-185.7
2025-09-27T10:14,0.7819,-0.4,0.4690,1,-67.4,64.1,24.3,-0.5,0.4691,1,-121.2,109.4,30.6,-0.7,0.4959,0,-328.7,285.2,-198.9
2025-09-27T10:29,0.7816,-0.4,0.4712,1,-66.8,63.7,43.4,-0.5,0.4682,1,-120.5,108.8,38.3,-0.7,0.4966,0,-327.2,283.9,-186.0
2025-09-27T10:44,0.7849,-0.7,0.4618,1,-67.8,64.1,-25.5,-0.6,0.4575,1,-122.2,110.3,14.0,0.8,0.4933,0,-330.4,289.6,-209.9
2025-09-27T10:59,0.7844,-0.4,0.4714,1,-64.5,61.4,-15.3,-0.6,0.4684,1,-116.8,105.4,15.3,0.8,0.4963,0,-316.1,277.1,-200.9
2025-09-27T11:14,0.7838,-0.4,0.4680,1,-62.2,59.1,-23.0,-0.5,0.4629,1,-112.7,101.8,34.4,0.8,0.4967,0,-305.6,267.9,-197.1
2025-09-27T11:29,0.785,-0.6,0.4635,1,-61.8,58.5,-46.0,-0.5,0.4657,1,-112.0,101.1,10.2,0.8,0.4926,0,-303.8,266.3,-245.0
2025-09-27T11:44,0.7829,-0.1,0.4792,1,-59.3,56.9,14.0,-0.5,0.4893,0,-108.3,97.8,42.1,-0.6,0.5013,0,-295.5,256.5,-206.5
2025-09-27T11:59,0.7832,-0.2,0.4733,1,-58.9,56.3,30.6,-0.5,0.4850,1,-107.8,97.2,11.5,-0.6,0.4987,0,-294.2,255.4,-186.9
2025-09-27T12:14,0.782,-0.2,0.4720,1,-58.5,56.1,29.4,-0.5,0.4740,1,-107.4,96.9,-2.6,-0.6,0.4970,0,-293.6,254.8,-197.6
2025-09-27T12:29,0.7814,-0.1,0.4729,1,-58.2,55.9,40.9,-0.4,0.4808,1,-107.0,96.8,17.9,-0.6,0.5005,0,-293.0,254.4,-175.6
2025-09-27T12:44,0.784,-0.4,0.4713,1,-57.7,54.9,25.5,-0.4,0.4845,1,-105.8,95.7,2.6,-1.2,0.4982,0,-290.7,251.2,-236.2
2025-09-27T12:59,0.7856,-0.4,0.4680,1,-58.6,55.7,0.0,-0.4,0.4878,0,-107.6,97.4,-1.3,-0.7,0.4983,0,-295.4,256.3,-248.7
2025-09-27T13:14,0.7843,-0.4,0.4698,1,-58.3,55.4,28.0,-0.5,0.4859,1,-107.3,96.9,2.5,-0.7,0.4994,0,-294.7,255.7,-207.4
2025-09-27T13:29,0.7846,-0.4,0.4653,1,-57.9,54.9,15.3,-0.4,0.4787,1,-106.7,96.4,-2.5,-0.7,0.4995,0,-293.3,254.4,-155.4
2025-09-27T13:44,0.786,-0.4,0.4676,1,-55.2,52.4,2.5,-0.4,0.4887,0,-101.9,92.1,-16.6,-0.7,0.4958,0,-280.5,243.2,-143.5
2025-09-27T13:59,0.7856,-0.3,0.4738,1,-53.3,50.8,-19.1,-0.3,0.4953,0,-98.7,89.4,-33.2,-1.2,0.4945,0,-272.7,235.6,-116.5
2025-09-27T14:14,0.7865,-0.5,0.4673,1,-53.0,50.2,-59.9,-0.4,0.4895,0,-98.1,88.6,-79.1,-0.7,0.4899,1,-270.6,234.6,-140.8
2025-09-27T14:29,0.7858,-0.3,0.4716,1,-52.0,49.4,-38.3,-0.4,0.4918,0,-96.7,87.3,-95.9,-0.7,0.4903,1,-266.9,231.4,-79.2
2025-09-27T14:44,0.7862,-0.3,0.4693,1,-51.7,49.2,-25.5,-0.4,0.4878,1,-96.4,87.1,-80.5,-0.7,0.4898,1,-266.4,231.0,-106.1
2025-09-27T14:59,0.7841,-0.2,0.4766,1,-52.3,50.1,17.8,-0.3,0.4928,0,-97.9,88.6,-42.2,-0.7,0.4948,0,-270.9,234.9,-57.6
2025-09-27T15:14,0.7818,-0.0,0.4866,1,-55.5,53.5,34.5,-0.4,0.5059,0,-102.4,92.6,-26.9,-0.9,0.4960,0,-283.9,245.8,-34.6
2025-09-27T15:29,0.7828,-0.2,0.4815,1,-55.0,52.7,20.4,-0.2,0.5079,0,-101.2,91.8,-30.7,-1.3,0.4987,0,-281.7,243.1,-48.7
2025-09-27T15:44,0.7842,-0.1,0.4804,1,-55.3,53.0,6.4,-0.4,0.4992,0,-102.1,92.4,-70.4,-1.3,0.4967,0,-284.1,245.3,-69.1
2025-09-27T15:59,0.7855,-0.3,0.4773,1,-54.0,51.5,-31.9,-0.3,0.4945,0,-99.6,90.2,-61.3,-1.0,0.4941,0,-277.3,239.9,-49.8
2025-09-27T16:14,0.7845,-0.3,0.4752,1,-50.5,48.2,-53.7,-0.4,0.4975,0,-93.5,84.5,-52.4,-1.3,0.4960,0,-260.6,224.8,34.4
2025-09-27T16:29,0.7844,-0.2,0.4860,1,-49.7,47.5,-78.1,-0.2,0.5098,0,-92.1,83.7,-29.4,-1.2,0.4986,0,-257.6,222.3,39.4
2025-09-27T16:44,0.7847,-0.3,0.4867,1,-49.0,46.7,-61.4,-0.5,0.5042,0,-91.1,82.1,-53.7,-1.3,0.4984,0,-254.2,219.2,12.7
2025-09-27T16:59,0.783,-0.1,0.4930,0,-49.4,47.5,-28.1,-0.3,0.5098,0,-92.3,83.6,-19.2,-1.1,0.5026,0,-258.2,223.0,54.8
2025-09-27T17:14,0.7803,0.1,0.5018,0,-51.0,49.4,-7.7,-0.3,0.5082,0,-93.9,85.0,12.8,0.2,0.5069,0,-261.5,228.3,113.4
2025-09-27T17:29,0.7783,0.3,0.5079,0,-55.1,53.7,26.9,-0.2,0.5037,0,-99.8,90.6,19.3,0.2,0.5087,0,-278.5,243.2,121.3
2025-09-27T17:44,0.7799,-0.1,0.4973,0,-57.3,55.0,-15.4,-0.4,0.4970,0,-101.4,91.6,2.6,0.3,0.5024,0,-282.7,247.0,131.2
2025-09-27T17:59,0.7808,-0.2,0.4901,0,-56.9,54.5,-1.3,-0.3,0.4919,0,-100.6,91.2,-14.1,0.2,0.5009,0,-281.1,245.5,127.3
2025-09-27T18:14,0.7797,0.0,0.5006,0,-55.7,53.7,9.0,-0.2,0.5005,0,-98.9,89.9,9.0,0.3,0.5022,0,-277.0,242.1,112.2
2025-09-27T18:29,0.7804,-0.1,0.4999,0,-53.0,50.9,21.8,-0.2,0.5031,0,-94.3,85.5,7.7,1.4,0.4990,0,-262.8,231.7,94.4
2025-09-27T18:44,0.7787,0.1,0.5067,0,-51.5,49.8,23.1,-0.3,0.5057,0,-92.2,83.4,47.4,0.1,0.5028,0,-258.2,225.4,135.2
2025-09-27T18:59,0.7807,-0.1,0.4956,0,-51.1,49.1,10.2,-0.4,0.4982,0,-91.5,82.6,34.5,-0.1,0.4963,0,-256.6,223.4,134.9
2025-09-27T19:14,0.7804,-0.0,0.4970,0,-50.1,48.3,11.5,-0.3,0.4993,0,-89.9,81.3,58.8,0.0,0.4996,0,-252.3,220.1,114.7
2025-09-27T19:29,0.7821,-0.3,0.5023,0,-49.5,47.3,-29.5,-0.6,0.4967,0,-88.9,79.9,75.2,-1.4,0.4944,0,-250.6,215.8,96.7
2025-09-27T19:44,0.7805,-0.1,0.4967,0,-48.6,46.6,-5.1,-0.4,0.4927,0,-87.4,78.8,67.7,-0.0,0.5016,0,-245.6,214.1,108.3
2025-09-27T19:59,0.7815,-0.1,0.5063,0,-48.0,46.1,-23.1,-0.3,0.4933,0,-86.5,78.3,39.6,-1.1,0.4966,0,-244.7,211.4,109.4
2025-09-27T20:14,0.7813,-0.1,0.5037,0,-47.5,45.7,-11.5,-0.3,0.4990,0,-85.8,77.6,28.1,-1.0,0.4973,0,-243.0,210.0,118.3
2025-09-27T20:29,0.7798,0.1,0.5094,0,-47.4,46.0,15.4,-0.3,0.5085,0,-86.2,78.0,21.8,0.2,0.5068,0,-243.1,212.3,176.7
2025-09-27T20:44,0.7801,0.0,0.5101,0,-47.6,45.9,29.4,-0.2,0.5052,0,-86.3,78.3,16.7,0.0,0.5050,0,-244.1,212.8,199.3
2025-09-27T20:59,0.7797,0.2,0.5125,1,-47.3,46.0,47.3,0.2,0.5071,0,-85.9,78.6,15.4,0.0,0.5068,0,-244.3,213.0,176.7
2025-09-27T21:14,0.7804,0.2,0.5135,1,-46.6,45.2,58.8,0.2,0.5044,0,-84.7,77.6,-30.8,0.2,0.5018,0,-241.1,210.5,204.2
2025-09-27T21:29,0.781,0.0,0.4994,0,-46.1,44.5,89.2,0.1,0.4995,0,-83.8,76.6,9.0,-0.4,0.4964,0,-239.1,207.8,180.2
2025-09-27T21:44,0.7824,-0.2,0.4850,1,-45.9,43.9,43.4,-0.0,0.4913,0,-83.4,76.0,-24.3,-1.2,0.4946,0,-238.6,205.8,138.4
2025-09-27T21:59,0.7834,-0.3,0.4859,1,-46.5,44.2,15.3,-0.3,0.4908,0,-83.1,75.2,-64.0,-1.2,0.4921,0,-237.1,204.5,140.7
2025-09-27T22:14,0.785,-0.1,0.4851,1,-47.1,45.1,-19.1,0.1,0.4918,0,-82.5,75.4,-117.9,-1.2,0.4919,0,-236.8,204.2,245.4
2025-09-27T22:29,0.788,-0.2,0.4728,1,-49.0,46.8,-82.8,0.1,0.4849,1,-84.2,76.9,-153.5,-1.2,0.4870,1,-241.9,208.6,234.5
2025-09-27T22:44,0.7858,-0.2,0.4878,1,-49.2,47.0,-56.2,-0.2,0.4984,0,-85.0,77.1,-162.9,-1.2,0.4961,0,-243.5,210.0,274.9
2025-09-27T22:59,0.7846,-0.0,0.4908,0,-49.2,47.4,-47.3,-0.1,0.4988,0,-85.5,77.6,-145.1,-1.2,0.4982,0,-245.3,211.6,307.5
2025-09-27T23:14,0.7835,0.2,0.4991,0,-50.4,48.9,-70.4,0.2,0.5078,0,-87.6,80.3,-125.9,-1.3,0.5010,0,-252.8,218.0,328.9
2025-09-27T23:29,0.7815,0.4,0.5136,1,-50.9,49.9,2.6,0.1,0.5314,1,-87.5,80.1,-73.2,-1.2,0.5064,0,-252.5,217.9,328.5
2025-09-27T23:44,0.7814,0.3,0.5107,0,-50.9,49.7,-11.5,0.3,0.5225,1,-85.5,78.5,-91.3,-1.2,0.5036,0,-247.5,213.5,336.0
2025-09-27T23:59,0.7809,0.3,0.5139,1,-50.1,49.0,-32.1,0.1,0.5227,1,-84.7,77.4,-78.4,-0.4,0.5067,0,-243.9,211.9,348.6
2025-09-28T00:14,0.778,0.4,0.5331,1,-51.8,51.2,-28.3,0.5,0.5345,1,-86.0,80.3,-32.2,-0.0,0.5046,0,-251.1,213.7,354.8
2025-09-28T00:29,0.7817,0.1,0.5078,0,-54.0,52.8,-73.2,0.3,0.5063,0,-89.6,83.2,-91.2,-0.9,0.4929,0,-262.1,221.3,314.8
2025-09-28T00:44,0.7805,0.2,0.5047,0,-60.2,59.0,-95.3,0.3,0.5023,0,-100.3,93.0,-81.0,-0.4,0.4969,0,-292.9,248.6,306.6
2025-09-28T00:59,0.7784,0.4,0.5149,1,-61.8,60.9,-65.7,0.6,0.5141,1,-103.2,96.2,-43.8,-0.3,0.5032,0,-302.3,256.6,337.3
2025-09-28T01:14,0.7758,0.5,0.5227,1,-60.8,60.1,-27.1,0.8,0.5211,1,-102.6,96.0,-27.1,-0.1,0.5054,0,-298.3,253.7,362.0
2025-09-28T01:29,0.776,0.6,0.5228,1,-59.3,58.9,-2.6,1.0,0.5242,1,-99.2,93.4,-34.9,-0.1,0.5089,0,-286.7,243.8,335.8
2025-09-28T01:44,0.7731,0.7,0.5297,1,-56.9,56.6,15.5,1.0,0.5333,1,-94.5,89.0,24.5,-0.0,0.5142,1,-270.6,230.2,379.5
2025-09-28T01:59,0.7733,0.5,0.5240,1,-55.7,55.2,19.4,0.9,0.5289,1,-91.7,86.3,23.2,-0.0,0.5120,0,-260.1,221.3,333.2
2025-09-28T02:14,0.7737,0.4,0.5204,1,-54.6,53.9,23.2,0.9,0.5269,1,-90.8,85.4,-7.8,-0.0,0.5114,0,-255.3,217.2,341.8
2025-09-28T02:29,0.7758,0.2,0.5114,1,-54.7,53.7,-15.5,0.5,0.5157,1,-91.3,85.1,-1.3,-0.1,0.5008,0,-255.7,217.5,344.6
2025-09-28T02:44,0.7743,0.3,0.5176,1,-53.8,53.0,-1.3,0.7,0.5253,1,-90.8,85.1,2.6,-0.0,0.5075,0,-252.7,214.9,327.8
2025-09-28T02:59,0.7748,0.3,0.5118,1,-54.9,53.9,2.6,0.7,0.5170,1,-92.8,86.8,-10.3,-0.0,0.5014,0,-258.3,219.7,337.6
2025-09-28T03:14,0.7755,0.3,0.5091,0,-54.5,53.6,-23.2,0.6,0.5118,1,-92.4,86.4,-29.7,-0.0,0.4989,0,-257.3,218.8,308.5
2025-09-28T03:29,0.7746,0.4,0.5147,1,-54.0,53.4,-16.8,0.8,0.5158,1,-92.7,87.0,-63.5,-0.0,0.5041,0,-256.4,218.2,361.3
2025-09-28T03:44,0.7742,0.4,0.5125,1,-53.3,52.7,10.3,0.8,0.5149,1,-91.7,86.1,-25.9,-0.0,0.5047,0,-254.0,216.1,365.2
2025-09-28T03:59,0.775,0.4,0.5102,0,-52.0,51.3,1.3,0.8,0.5139,1,-89.5,84.1,-31.0,-0.0,0.5027,0,-248.2,211.1,378.6
2025-09-28T04:14,0.7737,0.4,0.5158,1,-51.9,51.3,-7.8,0.9,0.5170,1,-89.5,84.2,-31.1,0.0,0.5110,0,-248.5,211.5,358.0
2025-09-28T04:29,0.7733,0.5,0.5206,1,-51.2,50.8,31.0,0.9,0.5155,1,-88.6,83.4,-3.9,0.2,0.5110,0,-246.0,209.8,339.4
2025-09-28T04:44,0.775,0.4,0.5026,0,-50.9,50.3,-6.5,0.8,0.5112,1,-88.2,82.9,-25.8,0.0,0.4991,0,-245.3,208.7,351.2
2025-09-28T04:59,0.7751,0.4,0.4985,0,-50.4,49.9,-14.2,0.8,0.5110,1,-87.6,82.2,-25.8,0.2,0.5019,0,-243.4,207.6,339.9
2025-09-28T05:14,0.7731,0.5,0.5001,0,-52.1,51.7,1.3,0.9,0.5133,1,-90.7,85.4,-16.8,0.0,0.5087,0,-252.9,215.2,312.0
2025-09-28T05:29,0.7757,0.2,0.4846,1,-52.7,51.8,-77.7,0.5,0.4955,0,-92.0,85.7,-67.3,-0.1,0.4950,0,-255.6,217.4,275.9
2025-09-28T05:44,0.7745,0.3,0.4920,0,-52.5,51.7,-29.7,0.6,0.5068,0,-91.8,85.8,-55.7,0.3,0.5046,0,-255.4,217.8,300.2
2025-09-28T05:59,0.774,0.4,0.4972,0,-52.1,51.5,-18.1,0.5,0.5080,0,-91.5,85.3,-50.5,0.0,0.5026,0,-254.8,216.8,324.1
2025-09-28T06:14,0.7732,0.4,0.4974,0,-49.4,48.8,-24.6,0.5,0.5095,0,-86.8,81.1,-59.7,0.1,0.5041,0,-242.1,206.1,294.4
2025-09-28T06:29,0.7697,0.6,0.5093,0,-51.6,51.4,42.8,1.0,0.5205,1,-89.0,83.9,-14.3,0.0,0.5182,1,-249.7,212.5,344.8
2025-09-28T06:44,0.7722,0.3,0.5029,0,-52.2,51.4,10.4,0.6,0.5056,0,-90.1,84.3,-19.4,-0.0,0.5000,0,-252.0,214.4,328.7
2025-09-28T06:59,0.7726,0.4,0.4966,0,-51.9,51.2,6.5,0.4,0.5041,0,-90.1,83.8,-55.8,-0.0,0.4996,0,-251.6,214.1,289.6
2025-09-28T07:14,0.7713,0.4,0.5039,0,-53.7,53.1,6.5,0.6,0.5094,0,-93.4,87.2,-62.4,0.0,0.5020,0,-261.3,222.5,301.4
2025-09-28T07:29,0.773,0.1,0.4887,0,-52.7,51.4,-32.4,0.3,0.4990,0,-91.4,84.9,-75.3,0.0,0.4935,0,-255.5,217.4,286.9
2025-09-28T07:44,0.773,0.1,0.4931,0,-50.9,49.7,-36.3,0.3,0.5029,0,-88.6,82.2,-57.1,-0.0,0.4939,0,-247.9,210.9,323.3
2025-09-28T07:59,0.7731,0.1,0.4942,0,-50.6,49.5,-38.9,0.3,0.5027,0,-88.3,81.9,-55.8,-0.0,0.4946,0,-247.2,210.3,319.5
2025-09-28T08:14,0.7718,0.2,0.5001,0,-48.7,47.8,-41.5,0.4,0.5039,0,-85.1,79.2,-42.8,-0.0,0.5020,0,-238.9,203.2,342.6
2025-09-28T08:29,0.7705,0.4,0.5022,0,-47.9,47.5,-24.7,0.7,0.5093,0,-84.0,78.9,-58.6,-0.1,0.5093,0,-237.1,201.7,411.9
2025-09-28T08:44,0.7702,0.3,0.5022,0,-47.2,46.6,6.5,0.5,0.5043,0,-83.0,77.6,-42.9,-0.1,0.5061,0,-234.0,199.0,414.6
2025-09-28T08:59,0.7701,0.4,0.4980,0,-48.7,48.1,-23.4,0.7,0.5007,0,-85.6,80.3,-18.2,-0.0,0.5087,0,-241.9,205.8,398.4
2025-09-28T09:14,0.7686,0.5,0.4963,0,-48.8,48.4,-27.4,0.7,0.5028,0,-86.2,80.8,-24.8,-0.1,0.5085,0,-243.9,207.3,389.2
2025-09-28T09:29,0.7686,0.4,0.4902,0,-48.5,48.0,-18.2,0.7,0.5004,0,-85.7,80.4,-10.4,0.1,0.5092,0,-242.6,206.6,390.4
2025-09-28T09:44,0.7707,0.2,0.4847,1,-49.5,48.6,-27.3,0.4,0.4927,0,-87.6,81.6,-65.1,0.0,0.4969,0,-247.4,210.5,348.1
2025-09-28T09:59,0.7683,0.5,0.4930,0,-48.7,48.3,6.5,0.7,0.5027,0,-86.4,81.1,-26.1,-0.0,0.5091,0,-245.2,208.6,388.1
2025-09-28T10:14,0.7665,0.5,0.4887,0,-49.7,49.3,26.1,0.9,0.4983,0,-88.4,83.1,22.2,-0.0,0.5156,1,-251.3,213.8,417.8
2025-09-28T10:29,0.7672,0.4,0.4906,0,-49.5,49.0,-15.7,0.8,0.4939,0,-88.2,82.7,68.8,-0.0,0.5094,0,-250.8,213.3,412.4
2025-09-28T10:44,0.7686,0.4,0.4919,0,-48.8,48.3,-22.1,0.7,0.4956,0,-87.0,81.7,80.3,-0.0,0.5079,0,-247.8,210.7,349.0
2025-09-28T10:59,0.7688,0.3,0.4877,1,-47.4,46.8,-1.3,0.7,0.4923,0,-84.7,79.4,99.7,-0.0,0.5049,0,-241.4,205.3,320.0
2025-09-28T11:14,0.7685,0.2,0.4839,1,-44.9,44.1,-23.4,0.4,0.4919,0,-80.4,74.9,90.7,-0.0,0.5048,0,-228.6,194.4,277.2
2025-09-28T11:29,0.766,0.4,0.4993,0,-45.0,44.5,23.5,0.8,0.5001,0,-80.6,75.8,176.0,-0.0,0.5166,1,-230.4,196.1,357.8
2025-09-28T11:44,0.7669,0.3,0.4976,0,-45.6,44.9,-15.7,0.7,0.4993,0,-81.8,76.7,142.4,-0.0,0.5098,0,-233.8,198.9,358.6
2025-09-28T11:59,0.7687,0.2,0.4868,1,-46.3,45.5,-31.3,0.5,0.4928,0,-83.3,77.8,140.8,-0.0,0.5022,0,-237.8,202.3,332.6
2025-09-28T12:14,0.7667,0.4,0.4952,0,-48.1,47.5,19.5,0.6,0.4983,0,-86.9,81.3,160.4,-0.0,0.5094,0,-248.5,211.5,354.9
2025-09-28T12:29,0.7678,0.1,0.4862,1,-47.2,46.2,61.0,-0.1,0.4916,0,-85.8,78.8,144.8,-0.4,0.5016,0,-243.8,206.8,397.1
2025-09-28T12:44,0.7657,0.3,0.5004,0,-46.2,45.6,118.1,0.6,0.5035,0,-83.7,78.4,169.6,-0.0,0.5130,0,-240.1,204.2,359.2
2025-09-28T12:59,0.7663,0.2,0.4982,0,-47.3,46.5,132.2,0.4,0.5010,0,-86.0,80.0,197.7,-0.0,0.5112,0,-246.1,209.3,314.7
2025-09-28T13:14,0.7682,-0.1,0.4864,1,-46.4,45.1,94.6,-0.1,0.4955,0,-84.5,77.7,244.3,-0.4,0.5013,0,-241.0,204.3,303.9
2025-09-28T13:29,0.7725,-0.3,0.4725,1,-51.0,49.0,91.5,-0.8,0.4845,1,-91.5,82.8,192.3,-1.8,0.4904,0,-260.5,218.3,240.5
2025-09-28T13:44,0.7748,-0.5,0.4660,1,-51.9,49.4,39.9,-0.9,0.4797,1,-91.0,82.2,139.7,-1.8,0.4855,1,-259.3,217.3,338.8
2025-09-28T13:59,0.7765,-0.5,0.4664,1,-54.6,52.2,39.8,-0.7,0.4807,1,-95.0,86.2,138.1,-1.7,0.4923,0,-268.7,225.5,381.6
2025-09-28T14:14,0.7755,-0.4,0.4724,1,-55.0,52.8,46.3,-0.6,0.4884,1,-95.0,86.4,175.1,-1.9,0.4960,0,-266.6,223.4,442.7
2025-09-28T14:29,0.7796,-0.5,0.4681,1,-55.0,52.5,-7.7,-0.6,0.4841,1,-94.1,85.6,104.6,-1.6,0.4865,0,-261.5,219.6,383.8
2025-09-28T14:44,0.7779,-0.2,0.4788,1,-53.8,51.9,11.6,-0.4,0.4951,0,-93.4,85.3,156.9,-1.5,0.4959,0,-257.7,216.4,415.5
2025-09-28T14:59,0.7796,-0.2,0.4776,1,-50.1,48.4,25.6,-0.2,0.4906,1,-87.9,80.6,142.6,-0.4,0.4884,0,-239.9,203.3,414.6
2025-09-28T15:14,0.7791,-0.1,0.4770,1,-50.4,48.8,103.4,-0.2,0.4918,0,-89.6,82.2,119.9,-0.4,0.4926,0,-242.3,205.4,350.6
2025-09-28T15:29,0.779,-0.1,0.4852,1,-47.4,46.0,108.5,-0.2,0.5023,0,-85.2,78.3,112.3,-0.4,0.4964,0,-228.6,193.7,305.9
2025-09-28T15:44,0.7788,0.0,0.4836,1,-46.8,45.6,88.2,-0.1,0.5007,0,-85.5,78.5,133.9,-0.4,0.4952,0,-227.2,192.5,313.5
2025-09-28T15:59,0.7816,-0.2,0.4795,1,-47.7,46.0,72.7,-0.3,0.4957,0,-87.8,80.4,123.3,-0.5,0.4834,1,-230.9,195.6,258.9
2025-09-28T16:14,0.7872,-0.4,0.4530,1,-57.8,55.4,25.4,-0.3,0.4750,1,-105.2,96.4,27.9,-0.4,0.4749,1,-274.3,232.6,212.4
2025-09-28T16:29,0.7875,-0.5,0.4556,1,-59.2,56.6,3.8,-0.4,0.4755,1,-106.9,97.7,27.9,-0.1,0.4793,1,-275.5,234.2,187.4
2025-09-28T16:44,0.7857,-0.4,0.4604,1,-61.7,59.2,57.1,-0.3,0.4806,1,-110.6,101.3,41.9,-0.1,0.4851,1,-282.7,240.4,201.6
2025-09-28T16:59,0.7873,-0.4,0.4573,1,-62.2,59.7,44.4,-0.4,0.4783,1,-110.7,101.3,35.5,-0.1,0.4828,1,-280.3,238.3,141.3
2025-09-28T17:14,0.7892,-0.2,0.4592,1,-53.9,52.0,-8.9,-0.1,0.4793,1,-97.0,89.2,17.7,0.1,0.4790,1,-243.9,207.7,122.2
2025-09-28T17:29,0.7878,-0.1,0.4669,1,-55.5,53.7,0.0,-0.0,0.4859,1,-101.2,93.2,74.6,0.2,0.4833,1,-252.3,215.0,132.4
2025-09-28T17:44,0.7902,-0.3,0.4590,1,-54.8,52.7,-11.4,-0.1,0.4761,1,-100.9,92.8,70.6,0.1,0.4778,1,-249.2,212.3,114.5
2025-09-28T17:59,0.7908,-0.3,0.4616,1,-55.1,53.0,6.3,-0.2,0.4793,1,-102.8,94.3,35.3,0.1,0.4812,1,-251.3,214.1,120.7
2025-09-28T18:14,0.7885,-0.2,0.4725,1,-56.9,55.0,11.4,-0.3,0.4915,1,-107.9,98.8,100.9,0.1,0.4866,0,-261.1,222.4,100.9
2025-09-28T18:29,0.7878,-0.1,0.4753,1,-54.1,52.4,24.1,-0.3,0.4932,0,-103.9,95.2,93.5,-0.0,0.4895,0,-249.4,212.1,119.9
2025-09-28T18:44,0.7893,-0.1,0.4751,1,-52.5,51.0,-3.8,-0.1,0.4922,0,-101.9,93.6,50.5,0.2,0.4836,1,-242.6,206.7,112.1
2025-09-28T18:59,0.7913,-0.2,0.4737,1,-51.5,49.8,-15.2,-0.1,0.4888,1,-100.9,92.8,40.4,0.1,0.4815,1,-238.3,203.0,95.6
2025-09-28T19:14,0.7894,-0.2,0.4824,1,-49.9,48.1,15.2,-0.3,0.4947,0,-98.1,89.8,189.5,0.2,0.4898,0,-231.3,197.1,154.6
2025-09-28T19:29,0.7897,-0.0,0.4819,1,-49.1,47.6,50.5,-0.0,0.4926,0,-96.7,89.1,213.0,0.1,0.4894,0,-228.9,195.0,145.8
2025-09-28T19:44,0.789,0.0,0.4842,1,-48.4,47.2,85.8,0.0,0.4931,0,-95.8,88.3,234.2,0.2,0.4939,0,-227.0,193.5,179.6
2025-09-28T19:59,0.7901,0.0,0.4867,1,-47.2,46.0,44.2,-0.0,0.4894,1,-93.5,86.2,237.6,0.2,0.4856,1,-221.8,189.1,181.9
2025-09-28T20:14,0.7906,-0.1,0.4850,1,-46.2,44.8,74.3,-0.0,0.4877,1,-91.5,84.3,238.7,0.2,0.4872,0,-217.2,185.1,217.7
2025-09-28T20:29,0.7937,-0.2,0.4699,1,-49.1,47.4,18.9,-0.0,0.4790,1,-95.4,87.8,173.6,0.3,0.4818,1,-226.5,193.3,179.8
2025-09-28T20:44,0.7958,-0.3,0.4707,1,-52.9,51.0,-31.5,-0.1,0.4794,1,-100.9,92.9,153.4,0.3,0.4814,1,-239.8,204.6,207.7
2025-09-28T20:59,0.7936,-0.1,0.4846,1,-54.6,52.9,11.3,0.0,0.4863,1,-104.4,96.3,187.2,0.3,0.4921,0,-248.7,212.2,247.7
2025-09-28T21:14,0.7965,-0.3,0.4722,1,-57.3,55.2,99.9,-0.1,0.4804,1,-108.6,99.9,119.8,0.3,0.4814,1,-256.0,218.4,195.2
2025-09-28T21:29,0.7952,-0.1,0.4783,1,-56.5,54.8,143.6,0.0,0.4890,1,-107.5,99.1,143.6,0.3,0.4916,0,-253.8,216.6,232.4
2025-09-28T21:44,0.7933,0.1,0.4861,1,-54.2,53.0,179.9,0.1,0.4950,0,-103.7,95.7,143.9,0.3,0.4946,0,-245.3,209.4,249.0
2025-09-28T21:59,0.7945,-0.0,0.4855,1,-52.3,50.8,182.1,0.0,0.4898,1,-100.0,92.2,132.5,0.3,0.4902,0,-236.7,201.9,206.8
2025-09-28T22:14,0.8045,-0.3,0.4727,1,-81.6,78.8,64.4,-0.1,0.4812,1,-154.4,142.2,-1.2,0.4,0.4827,1,-363.8,310.2,64.4
2025-09-28T22:29,0.8067,-0.2,0.4710,1,-84.6,81.8,11.2,0.1,0.4806,1,-158.8,146.5,-52.2,0.4,0.4817,1,-373.0,318.1,33.4
2025-09-28T22:44,0.8077,-0.3,0.4696,1,-87.2,84.3,5.0,0.0,0.4798,1,-162.5,149.8,-58.4,0.4,0.4805,1,-380.0,324.0,1.2
2025-09-28T22:59,0.8091,-0.3,0.4695,1,-89.7,86.6,-6.2,0.0,0.4797,1,-165.6,152.7,-119.4,0.4,0.4781,1,-385.7,328.9,-7.4
2025-09-28T23:14,0.8097,-0.1,0.4755,1,-66.0,64.0,-44.6,0.1,0.4824,1,-123.6,114.0,-113.0,0.4,0.4876,0,-286.7,244.7,-32.2
2025-09-28T23:29,0.8076,0.1,0.4838,1,-63.3,61.7,-11.2,0.1,0.4878,1,-120.2,111.0,-57.1,0.3,0.4927,0,-277.8,237.0,-7.4
2025-09-28T23:44,0.8081,0.1,0.4852,1,-60.5,59.1,-40.9,0.1,0.4876,1,-116.4,107.5,-99.5,0.7,0.4908,0,-267.7,229.1,-13.6
2025-09-28T23:59,0.8086,0.1,0.4841,1,-59.0,57.6,-43.4,0.1,0.4888,1,-114.8,106.0,-89.4,0.7,0.4866,0,-262.9,225.0,-31.0
2025-09-29T00:14,0.8061,0.5,0.4854,1,-58.2,57.0,-21.1,0.2,0.4982,0,-115.4,104.7,-78.5,0.4,0.4876,0,-258.1,223.8,-8.7
2025-09-29T00:29,0.8067,0.3,0.4836,1,-57.2,55.7,-52.2,0.1,0.4959,0,-114.5,103.8,-44.7,0.4,0.4862,1,-255.0,221.1,-70.9
2025-09-29T00:44,0.8048,0.5,0.4877,1,-58.0,56.9,-22.4,0.2,0.4976,0,-117.9,107.0,-22.4,0.4,0.4893,0,-261.6,226.8,-3.7
2025-09-29T00:59,0.8051,0.5,0.4885,1,-57.7,56.6,-69.8,0.2,0.4976,0,-118.7,107.7,-2.5,0.4,0.4991,0,-262.3,227.4,-52.3
2025-09-29T01:14,0.8044,0.5,0.4959,0,-55.6,54.6,-47.4,0.2,0.4966,0,-114.6,104.1,-31.1,0.4,0.4964,0,-254.8,221.0,-10.0
2025-09-29T01:29,0.8025,0.6,0.5005,0,-55.6,54.7,6.2,0.2,0.5012,0,-114.9,104.4,-31.2,0.4,0.5019,0,-257.2,223.0,-2.5
2025-09-29T01:44,0.803,0.5,0.4984,0,-54.5,53.5,-36.2,0.2,0.4970,0,-112.8,102.5,-3.7,0.4,0.4988,0,-253.9,220.2,-60.0
2025-09-29T01:59,0.7995,0.7,0.5046,0,-55.7,55.1,23.7,0.3,0.5055,0,-113.5,103.3,30.0,0.5,0.4980,0,-257.2,223.1,7.5
2025-09-29T02:14,0.8006,0.6,0.5021,0,-56.8,55.9,-10.0,0.3,0.5024,0,-115.7,105.3,-37.5,0.5,0.4892,0,-263.8,228.9,6.2
2025-09-29T02:29,0.803,0.2,0.4929,0,-58.3,56.7,1.2,0.2,0.4931,1,-118.4,107.6,-70.0,0.5,0.4817,1,-271.4,235.4,-15.0
2025-09-29T02:44,0.8001,0.6,0.4995,0,-59.1,58.2,36.2,0.3,0.4973,0,-120.9,110.0,-25.0,0.5,0.4911,0,-278.9,242.0,15.0
2025-09-29T02:59,0.8014,0.3,0.4955,0,-58.5,56.9,43.6,0.2,0.4908,1,-119.3,108.4,-23.7,0.5,0.4825,1,-276.8,240.0,-37.5
2025-09-29T03:14,0.7998,0.5,0.4991,0,-57.2,56.1,26.2,0.3,0.4955,0,-117.2,106.7,-43.9,0.5,0.4894,0,-273.8,237.5,-18.8
2025-09-29T03:29,0.8031,0.2,0.4930,0,-55.9,54.3,-38.7,0.2,0.4825,1,-114.4,103.9,-80.0,0.4,0.4801,1,-268.6,232.9,-44.9
2025-09-29T03:44,0.803,0.1,0.4916,0,-54.1,52.4,-3.7,0.1,0.4787,1,-110.8,100.5,-62.5,0.4,0.4827,1,-261.5,226.8,-24.9
2025-09-29T03:59,0.8049,0.1,0.4872,1,-53.6,51.9,-37.3,0.2,0.4764,1,-110.0,99.8,-120.0,0.4,0.4807,1,-261.1,226.4,-88.6
2025-09-29T04:14,0.8019,0.4,0.4895,1,-49.0,48.0,-53.8,0.6,0.4856,1,-100.8,92.4,-87.7,0.4,0.5061,0,-241.9,209.9,-67.6
2025-09-29T04:29,0.8,0.4,0.4952,0,-48.2,47.2,-32.6,0.5,0.4934,1,-99.6,91.0,-56.4,0.5,0.5142,1,-240.1,208.3,-31.3
2025-09-29T04:44,0.8027,-0.0,0.4864,1,-49.6,47.7,-57.5,0.1,0.4814,1,-102.1,92.5,-53.7,0.4,0.5021,0,-246.7,214.0,-51.2
2025-09-29T04:59,0.8019,0.2,0.4865,1,-48.7,47.3,-30.0,0.3,0.4864,1,-100.8,91.7,-46.2,0.4,0.5048,0,-245.5,212.9,-57.5
2025-09-29T05:14,0.7976,0.3,0.4968,0,-53.3,52.0,-16.3,0.4,0.5011,0,-108.5,99.0,13.8,0.5,0.5043,0,-266.1,230.9,16.3
2025-09-29T05:29,0.7974,0.2,0.4967,0,-52.8,51.3,-8.8,0.4,0.5000,0,-107.4,97.9,68.7,0.5,0.4993,0,-265.0,229.9,12.5
2025-09-29T05:44,0.7981,0.2,0.4960,0,-52.1,50.6,-1.3,0.3,0.4989,0,-104.1,94.8,58.7,0.5,0.4948,0,-258.1,223.9,0.0
2025-09-29T05:59,0.7995,0.1,0.4927,0,-52.3,50.7,-52.7,0.3,0.4917,1,-104.7,95.3,23.7,0.4,0.5022,0,-261.2,226.5,15.0
2025-09-29T06:14,0.7963,0.2,0.4992,0,-49.6,48.2,-17.6,0.3,0.4979,0,-99.6,90.6,35.1,0.4,0.5115,0,-249.9,216.8,80.1
2025-09-29T06:29,0.7967,0.1,0.4969,0,-51.8,50.2,-15.1,0.2,0.4912,1,-104.1,94.7,31.3,0.5,0.5044,0,-262.7,227.9,94.9
2025-09-29T06:44,0.798,-0.2,0.4930,0,-52.3,50.1,5.0,-0.3,0.4936,0,-105.3,94.6,0.0,0.4,0.4899,0,-265.7,230.5,84.9
2025-09-29T06:59,0.7953,0.0,0.5021,0,-54.0,52.1,36.4,0.0,0.5021,0,-107.9,97.7,42.7,0.5,0.5032,0,-272.2,236.1,67.7
2025-09-29T07:14,0.7949,0.0,0.4957,0,-51.5,49.7,47.7,0.3,0.4978,0,-102.9,93.6,53.9,0.5,0.4984,0,-261.8,227.1,72.7
2025-09-29T07:29,0.7955,-0.1,0.4935,0,-51.1,49.0,92.6,-0.3,0.4942,0,-102.6,92.3,50.2,0.4,0.4930,0,-261.2,226.6,45.2
2025-09-29T07:44,0.7984,-0.3,0.4884,1,-56.5,54.0,55.0,-0.5,0.4887,1,-113.6,101.8,-31.4,0.5,0.4909,0,-290.5,251.9,-64.1
2025-09-29T07:59,0.7982,-0.2,0.4886,1,-54.9,52.5,40.0,-0.3,0.4881,1,-110.5,99.3,-55.3,0.4,0.4909,0,-284.6,246.7,-51.5
2025-09-29T08:14,0.7987,-0.2,0.4846,1,-55.0,52.7,5.0,-0.5,0.4813,1,-111.1,99.6,-108.3,0.4,0.4860,0,-287.7,249.3,-65.3
2025-09-29T08:29,0.8029,-0.3,0.4717,1,-58.4,55.8,-46.2,-0.1,0.4626,1,-115.3,104.1,-112.7,0.4,0.4827,1,-301.3,261.0,-122.8
2025-09-29T08:44,0.8028,0.1,0.4661,1,-53.7,52.1,-60.0,0.1,0.4650,1,-104.8,95.0,-98.9,0.4,0.4897,0,-276.1,239.2,-120.3
2025-09-29T08:59,0.8014,0.2,0.4786,1,-54.1,52.5,-33.7,0.2,0.4710,1,-105.6,95.9,-84.0,0.4,0.4933,0,-280.2,242.8,-116.7
2025-09-29T09:14,0.7991,0.4,0.4826,1,-53.4,52.2,1.3,0.3,0.4784,1,-104.8,95.4,-59.0,0.4,0.5026,0,-280.0,242.7,-131.0
2025-09-29T09:29,0.7992,0.6,0.4833,1,-53.1,52.3,3.8,0.7,0.4852,1,-104.4,95.8,-3.8,0.5,0.5043,0,-281.6,244.2,-93.0
2025-09-29T09:44,0.798,0.6,0.4917,0,-54.9,54.2,-26.4,0.8,0.4920,1,-106.0,97.4,-54.0,0.5,0.5086,0,-287.8,249.5,-110.9
2025-09-29T09:59,0.7987,0.4,0.4804,1,-55.1,54.0,-61.5,0.5,0.4823,1,-106.5,97.3,-99.4,0.5,0.5015,0,-290.0,251.6,-152.7
2025-09-29T10:14,0.7992,0.3,0.4764,1,-54.2,52.8,-114.5,0.5,0.4762,1,-104.8,95.7,-91.8,0.4,0.5002,0,-287.1,248.9,-156.4
2025-09-29T10:29,0.7995,0.3,0.4764,1,-50.3,49.1,-70.3,0.3,0.4756,1,-97.7,88.9,-103.1,0.4,0.5041,0,-268.8,233.0,-146.2
2025-09-29T10:44,0.7959,0.4,0.4934,0,-51.7,50.6,-12.6,0.5,0.4915,1,-100.6,91.9,70.1,0.5,0.5234,1,-278.9,242.0,-84.5
2025-09-29T10:59,0.7938,0.5,0.4956,0,-52.8,52.0,11.3,0.7,0.4971,0,-100.9,92.6,161.2,0.5,0.5237,1,-282.0,244.6,-67.0
2025-09-29T11:14,0.7901,0.6,0.4998,0,-56.6,55.8,54.3,0.5,0.4929,0,-106.4,97.3,256.2,0.5,0.5347,1,-298.8,259.2,-50.8
2025-09-29T11:29,0.7939,0.3,0.4948,0,-59.3,57.8,62.8,0.5,0.4843,1,-108.9,99.6,202.0,0.5,0.5179,1,-307.7,266.8,-73.3
2025-09-29T11:44,0.7949,0.4,0.4923,0,-56.7,55.4,-15.1,0.5,0.4806,1,-104.6,95.6,199.3,0.5,0.5170,1,-297.2,257.7,-49.2
2025-09-29T11:59,0.7947,0.4,0.4901,1,-55.3,54.1,-49.2,0.5,0.4829,1,-102.2,93.4,222.7,0.5,0.5214,1,-292.1,253.3,-45.4
2025-09-29T12:14,0.7944,0.3,0.4848,1,-51.9,50.7,-31.5,0.6,0.4761,1,-95.9,87.9,156.1,0.5,0.5221,1,-276.2,239.5,-75.8
2025-09-29T12:29,0.7989,0.1,0.4798,1,-53.9,52.1,-95.6,0.2,0.4616,1,-97.8,88.8,53.7,0.4,0.5040,0,-282.1,244.5,-104.4
2025-09-29T12:44,0.7937,0.6,0.4936,0,-58.0,57.1,97.8,0.6,0.4891,1,-106.0,97.0,124.0,0.5,0.5245,1,-308.7,267.7,-13.9
2025-09-29T12:59,0.7908,0.7,0.4978,0,-63.3,62.3,199.1,0.8,0.4982,0,-115.8,106.3,141.9,0.5,0.5238,1,-339.8,294.5,-16.5
2025-09-29T13:14,0.7919,0.7,0.4953,0,-64.3,63.3,233.4,0.8,0.4905,1,-117.7,108.1,152.9,0.6,0.5167,1,-347.6,301.4,-35.4
2025-09-29T13:29,0.7913,0.9,0.5014,0,-63.9,63.4,234.8,1.0,0.4993,0,-116.4,107.3,139.3,0.5,0.5264,1,-342.8,297.1,2.5
2025-09-29T13:44,0.8015,0.4,0.4743,1,-72.7,70.8,116.6,0.8,0.4674,1,-129.1,118.4,2.5,0.6,0.5106,0,-381.7,330.9,-97.8
2025-09-29T13:59,0.8067,-0.2,0.4603,1,-86.2,82.8,72.9,0.3,0.4666,1,-151.5,137.6,-102.2,0.6,0.4953,0,-444.2,385.0,-194.0
2025-09-29T14:14,0.8106,-0.2,0.4589,1,-90.6,87.1,-45.7,0.1,0.4617,1,-158.4,143.5,-145.4,0.6,0.5020,0,-461.8,400.2,-253.6
2025-09-29T14:29,0.8101,0.0,0.4645,1,-100.8,97.3,-85.5,0.4,0.4693,1,-174.9,158.9,-146.7,0.7,0.4982,0,-508.6,440.8,-271.5
2025-09-29T14:44,0.8109,0.3,0.4731,1,-94.9,92.1,-90.4,0.4,0.4728,1,-163.7,148.8,-144.1,0.6,0.5111,0,-474.3,411.1,-290.3
2025-09-29T14:59,0.8126,0.3,0.4740,1,-84.3,81.9,-130.1,0.2,0.4716,1,-147.4,133.7,-151.3,0.5,0.5062,0,-425.0,368.1,-263.1
2025-09-29T15:14,0.8069,0.8,0.4860,1,-90.3,88.5,-34.8,0.6,0.4916,0,-160.1,145.9,-129.7,0.7,0.5176,1,-460.8,399.4,-293.0
2025-09-29T15:29,0.8032,0.8,0.4958,0,-83.8,82.4,-10.0,1.1,0.4982,0,-148.5,136.5,-73.7,0.7,0.5190,1,-431.7,374.2,-282.8
2025-09-29T15:44,0.8036,0.8,0.4910,0,-84.0,82.6,-23.7,1.1,0.4975,0,-150.7,138.4,-67.4,0.6,0.5186,1,-436.1,378.1,-273.7
2025-09-29T15:59,0.8021,0.9,0.4972,0,-83.7,82.5,-45.0,1.1,0.5055,0,-149.1,137.1,-40.0,0.7,0.5162,1,-430.0,372.8,-235.9
2025-09-29T16:14,0.8041,0.7,0.5029,0,-74.9,73.6,-64.9,1.0,0.5016,0,-134.9,124.0,-29.9,0.6,0.5156,1,-385.5,334.2,-297.9
2025-09-29T16:29,0.8024,0.7,0.5027,0,-72.5,71.2,-51.2,1.0,0.5022,0,-132.1,121.4,-13.7,0.4,0.5150,1,-374.3,324.2,-232.0
2025-09-29T16:44,0.8017,0.7,0.5078,0,-72.5,71.2,-30.0,0.8,0.5056,0,-132.5,121.3,19.9,0.4,0.5126,0,-375.1,324.9,-251.4
2025-09-29T16:59,0.7985,0.7,0.5163,1,-73.7,72.5,23.8,0.8,0.5151,1,-135.1,123.8,76.1,0.5,0.5164,1,-382.8,331.7,-189.6
2025-09-29T17:14,0.7989,0.7,0.5229,1,-75.5,74.2,-30.1,0.6,0.5155,1,-138.9,126.8,113.3,0.3,0.5148,1,-393.6,340.7,-179.3
2025-09-29T17:29,0.7983,0.9,0.5208,1,-75.9,74.9,-12.5,1.1,0.5145,1,-139.5,128.4,122.0,0.6,0.5187,1,-397.0,344.2,-166.7
2025-09-29T17:44,0.7993,0.8,0.5201,1,-76.4,75.3,-13.8,1.1,0.5077,0,-140.8,129.5,163.8,0.5,0.5158,1,-400.9,347.4,-162.7
2025-09-29T17:59,0.8004,0.7,0.5154,1,-74.5,73.3,-18.8,1.2,0.5047,0,-138.7,127.8,162.3,0.5,0.5170,1,-391.8,339.5,-205.8
2025-09-29T18:14,0.7965,0.9,0.5188,1,-73.6,72.8,65.1,1.3,0.5125,1,-137.5,126.9,195.2,0.5,0.5232,1,-389.2,337.1,-123.8
2025-09-29T18:29,0.7973,1.0,0.5157,1,-71.2,70.6,50.0,1.3,0.5111,1,-133.5,123.2,206.1,0.5,0.5210,1,-378.2,327.7,-114.8
2025-09-29T18:44,0.7982,0.8,0.5187,1,-68.5,67.7,63.7,1.2,0.5116,1,-128.5,118.6,187.4,0.5,0.5184,1,-364.4,315.8,-124.8
2025-09-29T18:59,0.7989,0.7,0.5182,1,-68.0,67.0,71.1,1.0,0.5194,1,-127.8,117.5,151.6,0.4,0.5178,1,-362.2,313.8,-109.5
2025-09-29T19:14,0.8017,0.3,0.5110,1,-67.8,66.0,78.3,0.7,0.5076,0,-127.2,116.4,99.3,0.5,0.5105,0,-359.8,311.8,-139.4
2025-09-29T19:29,0.8013,0.3,0.5104,1,-68.1,66.3,84.5,0.7,0.5089,0,-128.0,117.1,100.6,0.5,0.5134,1,-362.4,314.1,-109.2
2025-09-29T19:44,0.8033,0.3,0.5045,0,-69.0,67.2,113.9,0.7,0.5026,0,-130.0,119.0,55.9,0.5,0.5094,0,-368.6,319.4,-72.5
2025-09-29T19:59,0.8046,0.6,0.5017,0,-68.1,66.8,110.0,1.1,0.5031,0,-126.0,116.2,48.4,0.5,0.5104,0,-358.9,311.0,-44.8
2025-09-29T20:14,0.808,0.4,0.4966,0,-68.3,66.7,51.8,1.0,0.4949,0,-124.0,114.1,-11.1,0.5,0.5014,0,-354.9,307.6,-95.8
2025-09-29T20:29,0.8081,0.3,0.4958,0,-69.1,67.3,71.5,0.8,0.4977,0,-123.2,113.0,-13.6,0.5,0.5035,0,-352.5,305.6,-54.6
2025-09-29T20:44,0.8125,-0.2,0.4875,1,-70.9,68.0,9.8,0.4,0.4906,0,-124.9,113.8,-67.9,0.5,0.4948,0,-354.9,307.5,-115.1
2025-09-29T20:59,0.8135,-0.2,0.4878,1,-71.5,68.6,-29.5,0.4,0.4886,1,-125.0,113.9,-91.4,0.4,0.4940,0,-353.7,306.4,-57.9
2025-09-29T21:14,0.8122,-0.2,0.4924,0,-68.0,65.3,-30.8,0.4,0.5055,0,-120.4,109.7,-84.1,0.4,0.4931,0,-337.6,292.5,-22.2
2025-09-29T21:29,0.8139,-0.1,0.4862,1,-66.4,63.8,-55.4,0.3,0.5004,0,-116.7,106.1,-159.8,0.2,0.4910,0,-325.9,282.0,-44.3
2025-09-29T21:44,0.8133,-0.1,0.4943,0,-63.4,60.9,-67.9,0.3,0.5050,0,-112.7,102.6,-108.8,0.4,0.4950,0,-313.4,271.5,-56.7
2025-09-29T21:59,0.8111,0.4,0.5031,0,-67.3,65.6,-32.1,0.5,0.5169,1,-121.9,111.1,-126.6,0.4,0.4948,0,-337.8,292.7,-80.5
2025-09-29T22:14,0.8097,0.4,0.5067,0,-66.1,64.4,-32.2,0.5,0.5169,1,-119.8,109.4,-75.6,0.2,0.5031,0,-332.8,288.0,-23.5
2025-09-29T22:29,0.8094,0.4,0.5064,0,-65.0,63.4,-29.7,0.5,0.5204,1,-118.1,107.9,-88.1,0.2,0.5001,0,-328.5,284.3,-32.2
2025-09-29T22:44,0.8078,0.5,0.5130,1,-66.0,64.6,-9.9,0.6,0.5227,1,-117.9,107.8,-119.6,0.3,0.5070,0,-328.4,284.2,-40.9
2025-09-29T22:59,0.8085,0.4,0.5133,1,-61.4,60.0,-29.7,0.5,0.5207,1,-109.8,100.4,-104.4,0.3,0.5062,0,-306.1,265.0,-83.2
2025-09-29T23:14,0.8071,0.5,0.5184,1,-61.0,59.8,-21.1,0.6,0.5244,1,-109.5,100.2,-74.6,0.3,0.5134,1,-305.5,264.5,-50.9
2025-09-29T23:29,0.807,0.5,0.5153,1,-60.8,59.5,-74.6,0.6,0.5198,1,-109.3,99.9,-64.6,0.3,0.5065,0,-305.2,264.2,-31.0
2025-09-29T23:44,0.807,0.3,0.5180,1,-59.2,57.7,-31.0,0.5,0.5199,1,-106.4,97.3,-70.9,0.3,0.5067,0,-297.4,257.5,-9.9
2025-09-29T23:59,0.8061,0.4,0.5215,1,-58.1,56.9,-64.7,0.6,0.5235,1,-104.9,96.0,-96.0,0.3,0.5120,0,-293.8,254.4,13.6
2025-09-30T00:14,0.8054,0.5,0.5232,1,-56.9,57.7,-22.4,0.6,0.5234,1,-103.4,101.1,-88.5,0.4,0.5051,0,-306.2,274.5,37.2
2025-09-30T00:29,0.801,0.5,0.5283,1,-66.1,66.9,16.2,0.7,0.5304,1,-119.2,116.5,-18.7,0.6,0.5168,1,-349.6,313.4,34.9
2025-09-30T00:44,0.8045,0.5,0.5195,1,-67.9,68.9,-78.6,0.7,0.5164,1,-122.8,120.1,-43.6,0.5,0.5113,0,-360.7,323.3,-31.1
2025-09-30T00:59,0.8009,0.7,0.5224,1,-72.7,74.1,-10.0,0.8,0.5227,1,-130.7,127.9,-38.8,0.6,0.5216,1,-380.5,341.2,77.1
2025-09-30T01:14,0.8036,0.6,0.5151,1,-74.6,75.7,-31.2,0.9,0.5103,1,-134.0,131.3,-88.7,0.6,0.5126,0,-390.9,350.4,55.8
2025-09-30T01:29,0.8023,0.6,0.5138,1,-71.7,72.8,-6.2,0.9,0.5134,1,-129.0,126.5,-60.0,0.6,0.5144,1,-376.8,337.8,47.3
2025-09-30T01:44,0.7982,0.8,0.5174,1,-81.1,82.6,38.8,1.3,0.5211,1,-144.7,142.5,5.0,0.7,0.5230,1,-419.6,376.3,138.1
2025-09-30T01:59,0.8001,0.4,0.5142,1,-80.1,80.9,-21.3,1.1,0.5108,1,-142.9,140.2,-35.1,0.7,0.5113,0,-414.1,371.2,136.5
2025-09-30T02:14,0.8011,0.7,0.5146,1,-77.2,78.4,-35.0,1.2,0.5168,1,-138.1,135.9,-27.5,0.6,0.5119,0,-401.3,359.7,93.2
2025-09-30T02:29,0.8018,0.6,0.5133,1,-74.3,75.4,-28.7,1.2,0.5144,1,-133.2,131.0,-42.5,0.6,0.5109,0,-387.3,347.2,80.7
2025-09-30T02:44,0.8013,0.5,0.5068,0,-64.9,65.7,-3.7,1.0,0.5090,0,-116.5,114.5,-40.0,0.5,0.5168,1,-338.9,303.9,54.8
2025-09-30T02:59,0.7984,0.7,0.5215,1,-65.1,66.3,-7.5,1.1,0.5156,1,-117.3,115.5,28.8,0.6,0.5266,1,-341.9,306.6,87.3
2025-09-30T03:14,0.7983,0.7,0.5148,1,-66.2,67.4,-22.6,1.1,0.5121,1,-119.4,117.6,55.0,0.6,0.5249,1,-348.5,312.5,68.7
2025-09-30T03:29,0.7995,0.6,0.5100,1,-67.5,68.7,-25.0,1.1,0.5092,1,-122.1,120.2,59.9,0.6,0.5181,1,-356.5,319.7,35.0
2025-09-30T03:44,0.801,0.6,0.5085,0,-67.9,69.0,-30.0,1.1,0.5069,0,-123.1,121.1,47.3,0.6,0.5149,1,-359.7,322.5,-12.5
2025-09-30T03:59,0.7978,0.6,0.5133,1,-66.1,67.3,-6.3,1.1,0.5143,1,-120.1,118.2,36.3,0.7,0.5202,1,-351.3,315.1,3.8
2025-09-30T04:14,0.7965,0.6,0.5169,1,-63.8,64.9,30.1,1.1,0.5174,1,-116.0,114.2,52.6,0.7,0.5245,1,-339.7,304.8,63.8
2025-09-30T04:29,0.7975,0.5,0.5151,1,-61.4,62.3,11.3,1.0,0.5159,1,-111.8,110.0,20.0,0.6,0.5180,1,-327.6,293.9,97.3
2025-09-30T04:44,0.7986,0.5,0.5112,1,-61.2,62.1,-6.3,1.0,0.5108,1,-111.7,109.9,-66.6,0.6,0.5161,1,-327.7,293.8,52.5
2025-09-30T04:59,0.7973,0.5,0.5121,1,-60.2,61.0,42.6,0.9,0.5117,1,-110.1,108.2,-40.2,0.6,0.5205,1,-323.1,289.9,42.6
2025-09-30T05:14,0.7989,0.4,0.5074,0,-60.0,60.7,47.5,0.9,0.5058,0,-109.9,107.9,-67.8,0.5,0.5092,0,-322.7,289.3,66.1
2025-09-30T05:29,0.7984,0.4,0.5089,0,-62.5,63.1,73.6,0.8,0.5086,1,-114.6,112.3,-66.6,0.5,0.5106,0,-336.7,301.8,58.7
2025-09-30T05:44,0.7981,0.4,0.5115,1,-61.2,61.9,83.6,0.9,0.5115,1,-112.5,110.5,-61.6,0.6,0.5116,0,-331.2,296.9,86.1
2025-09-30T05:59,0.8007,0.1,0.5022,0,-64.3,64.4,0.0,0.1,0.5038,0,-118.7,114.9,-108.0,0.4,0.5022,0,-347.4,311.2,34.9
2025-09-30T06:14,0.8027,0.0,0.4965,0,-68.6,68.5,-24.9,-0.0,0.4965,0,-126.9,122.5,-176.0,0.3,0.5128,0,-371.4,332.5,14.9
2025-09-30T06:29,0.8043,-0.1,0.4944,0,-68.8,68.4,-64.9,0.1,0.4991,0,-124.5,120.5,-156.6,0.3,0.5089,0,-365.4,327.0,-22.4
2025-09-30T06:44,0.8048,-0.1,0.4957,0,-70.3,70.0,-143.9,-0.1,0.4985,0,-125.3,120.8,-195.7,0.3,0.5061,0,-367.3,328.7,-21.1
2025-09-30T06:59,0.8007,0.2,0.5061,0,-68.3,68.7,-82.8,0.0,0.5067,0,-122.4,118.4,-177.7,0.3,0.5220,1,-359.7,322.0,-20.0
2025-09-30T07:14,0.8007,0.2,0.5053,0,-64.4,64.7,-90.3,0.1,0.5058,0,-115.6,111.9,-175.1,0.4,0.5193,1,-340.0,304.5,15.0
2025-09-30T07:29,0.7991,0.4,0.5137,1,-62.2,62.8,-75.4,0.1,0.5121,1,-112.1,108.6,-141.1,0.4,0.5240,1,-330.0,295.7,67.3
2025-09-30T07:44,0.7933,0.5,0.5299,1,-66.0,66.9,-1.3,0.3,0.5254,1,-116.8,113.5,-51.8,0.8,0.5456,1,-344.5,309.4,155.1
2025-09-30T07:59,0.7941,0.4,0.5156,1,-66.1,66.8,-25.2,0.3,0.5108,1,-114.8,111.5,-70.8,0.9,0.5357,1,-338.8,304.3,132.6
2025-09-30T08:14,0.7935,0.5,0.5169,1,-66.5,67.3,-60.7,0.5,0.5130,1,-113.2,110.5,-93.7,0.8,0.5429,1,-335.2,301.1,143.9
2025-09-30T08:29,0.7931,0.4,0.5175,1,-66.6,67.3,-16.4,0.4,0.5128,1,-111.4,108.5,-63.2,0.9,0.5443,1,-329.7,296.3,208.4
2025-09-30T08:44,0.7932,0.2,0.5071,0,-62.4,62.6,-50.6,0.3,0.5052,0,-104.3,101.4,-27.8,0.8,0.5400,1,-308.9,277.6,400.3
2025-09-30T08:59,0.7921,0.3,0.5104,1,-60.8,61.3,-69.7,0.3,0.5097,1,-102.1,99.2,-12.6,0.8,0.5456,1,-302.6,272.0,455.3
2025-09-30T09:14,0.7887,0.4,0.5202,1,-62.0,62.6,-24.1,0.4,0.5151,1,-105.3,102.6,-3.8,1.2,0.5504,1,-309.4,278.6,535.7
2025-09-30T09:29,0.7918,0.1,0.5074,0,-63.4,63.5,-49.4,0.3,0.5040,0,-108.7,105.7,-15.2,0.8,0.5373,1,-316.5,284.3,512.0
2025-09-30T09:44,0.7892,0.3,0.5133,1,-64.9,65.5,0.0,0.4,0.5120,1,-113.0,110.0,43.0,0.8,0.5451,1,-326.3,293.1,549.7
2025-09-30T09:59,0.7866,0.4,0.5158,1,-68.9,69.5,24.1,0.0,0.5122,1,-119.2,115.3,36.8,1.1,0.5431,1,-339.8,305.7,580.3
2025-09-30T10:14,0.7868,0.1,0.5105,1,-67.9,68.0,-8.9,-0.1,0.5079,0,-118.7,114.6,29.2,1.0,0.5410,1,-335.0,301.2,530.9
2025-09-30T10:29,0.7879,0.3,0.5125,1,-66.2,66.7,2.5,-0.1,0.5080,0,-117.5,113.4,45.6,1.0,0.5389,1,-328.6,295.5,547.0
2025-09-30T10:44,0.7892,0.1,0.5037,0,-64.0,64.0,22.8,0.2,0.5025,0,-113.1,109.7,56.9,0.8,0.5335,1,-317.6,285.2,538.9
2025-09-30T10:59,0.7885,0.1,0.5048,0,-60.8,60.8,32.9,0.3,0.5036,0,-107.6,104.5,34.2,0.8,0.5352,1,-302.5,271.8,525.0
2025-09-30T11:14,0.7861,0.3,0.5140,1,-60.5,61.0,29.2,0.6,0.5135,1,-107.4,104.8,53.3,0.6,0.5429,1,-303.2,272.2,632.2
2025-09-30T11:29,0.7881,0.2,0.5094,1,-60.4,60.8,31.7,0.5,0.5055,0,-107.4,104.7,3.8,0.8,0.5357,1,-303.3,272.5,593.6
2025-09-30T11:44,0.791,0.1,0.5020,0,-62.1,62.2,20.2,0.3,0.5016,0,-110.6,107.4,-41.8,0.6,0.5286,1,-312.2,280.1,531.8
2025-09-30T11:59,0.7911,0.1,0.4997,0,-61.0,61.1,-20.2,0.4,0.5029,0,-108.7,105.9,5.1,0.6,0.5304,1,-307.6,276.0,556.8
2025-09-30T12:14,0.7884,0.4,0.5023,0,-60.0,60.7,8.9,0.9,0.5063,0,-107.3,105.4,-61.1,0.8,0.5358,1,-305.0,274.1,568.3
2025-09-30T12:29,0.7906,0.4,0.4957,0,-59.6,60.2,11.4,0.8,0.5015,0,-106.8,104.7,-124.7,0.8,0.5303,1,-303.5,272.8,554.8
2025-09-30T12:44,0.7926,0.4,0.4888,1,-57.7,58.5,13.9,0.8,0.4956,0,-103.7,101.8,-135.9,0.4,0.5265,1,-295.6,264.9,518.7
2025-09-30T12:59,0.7895,0.3,0.4975,0,-58.9,59.4,21.5,0.6,0.5034,0,-106.0,103.7,-77.6,0.4,0.5377,1,-302.0,270.5,530.3
2025-09-30T13:14,0.7891,0.3,0.4946,0,-58.8,59.4,15.2,0.8,0.4982,0,-105.9,104.0,-109.6,0.4,0.5357,1,-302.4,271.0,577.4
2025-09-30T13:29,0.7915,0.2,0.4845,1,-60.2,60.5,-39.2,0.4,0.4921,1,-108.9,105.9,-95.2,0.3,0.5261,1,-310.1,277.7,569.7
2025-09-30T13:44,0.7937,0.1,0.4916,0,-63.8,63.9,-75.9,-0.0,0.4994,0,-115.7,111.8,-151.1,-0.3,0.5158,1,-329.4,293.8,539.5
2025-09-30T13:59,0.7912,0.2,0.4924,0,-73.4,73.6,3.8,-0.2,0.5018,0,-133.7,128.9,-97.8,0.7,0.5204,1,-379.5,340.4,572.3
2025-09-30T14:14,0.7903,0.1,0.4912,1,-75.3,75.3,-85.1,-0.3,0.5027,0,-137.4,132.2,-71.1,0.7,0.5212,1,-390.0,349.9,599.2
2025-09-30T14:29,0.7884,0.3,0.5060,0,-78.1,78.6,-96.9,-0.3,0.5087,1,-143.2,137.8,-41.9,0.8,0.5240,1,-407.0,365.1,622.1
2025-09-30T14:44,0.7877,0.4,0.5049,0,-75.5,76.1,-73.9,-0.0,0.5089,1,-135.8,131.2,-16.5,0.8,0.5267,1,-386.9,347.2,664.3
2025-09-30T14:59,0.7915,0.2,0.4948,0,-69.8,70.0,-102.9,-0.2,0.4992,0,-125.7,121.1,-93.9,0.7,0.5121,0,-358.1,321.2,587.6
2025-09-30T15:14,0.7836,0.6,0.5089,1,-78.1,79.1,-39.6,-0.0,0.5132,1,-138.6,133.9,39.5,0.8,0.5319,1,-395.7,355.1,673.6
2025-09-30T15:29,0.7808,0.7,0.5096,1,-78.6,79.9,40.9,0.6,0.5113,1,-138.0,134.6,94.3,0.9,0.5325,1,-392.1,352.0,733.2
2025-09-30T15:44,0.7819,0.5,0.5088,1,-81.7,82.6,-1.3,0.1,0.5092,1,-145.3,140.7,81.5,0.9,0.5288,1,-407.9,366.1,742.9
2025-09-30T15:59,0.7834,0.5,0.5091,1,-81.1,82.0,1.3,0.0,0.5129,1,-141.8,137.1,86.4,0.7,0.5281,1,-398.2,357.1,708.3
2025-09-30T16:14,0.7805,0.7,0.5156,1,-72.4,73.6,53.7,0.9,0.5189,1,-127.5,125.0,128.6,1.6,0.5355,1,-356.4,321.4,767.9
2025-09-30T16:29,0.784,-0.0,0.5053,0,-74.1,73.9,14.0,-0.0,0.5064,0,-130.5,126.1,109.1,0.4,0.5231,1,-363.8,325.8,709.0
2025-09-30T16:44,0.7818,0.3,0.5144,1,-71.6,72.2,58.7,0.6,0.5153,1,-127.7,124.6,198.8,0.6,0.5314,1,-354.3,317.6,722.8
2025-09-30T16:59,0.7835,-0.3,0.5121,1,-72.8,72.0,7.7,-0.7,0.5101,1,-130.1,124.3,220.9,0.0,0.5236,1,-358.2,320.1,639.0
2025-09-30T17:14,0.7847,-0.3,0.5115,1,-73.5,72.8,25.5,-0.7,0.5097,1,-131.8,126.0,196.9,0.0,0.5189,1,-363.1,324.6,603.3
2025-09-30T17:29,0.7851,0.1,0.5146,1,-69.1,69.1,39.4,-0.6,0.5106,1,-124.6,119.2,234.1,-0.0,0.5203,1,-343.9,307.3,650.9
2025-09-30T17:44,0.7864,-0.1,0.5069,0,-72.8,72.4,24.1,-0.2,0.5072,0,-130.7,126.0,211.4,-0.0,0.5167,1,-362.5,323.8,630.8
2025-09-30T17:59,0.7841,0.3,0.5127,1,-77.4,78.0,77.5,-0.1,0.5101,1,-140.1,135.2,310.2,-0.0,0.5218,1,-389.2,347.7,633.7
2025-09-30T18:14,0.7867,-0.0,0.4992,0,-78.5,78.3,49.5,-0.2,0.5020,0,-141.9,136.6,296.8,-0.1,0.5104,0,-394.1,351.9,636.5
2025-09-30T18:29,0.7882,-0.3,0.4943,0,-79.3,78.5,55.7,-0.3,0.5013,0,-143.1,137.6,276.5,-0.8,0.5051,0,-398.4,354.5,637.7
2025-09-30T18:44,0.7883,-0.4,0.4946,0,-76.0,75.1,116.0,-0.6,0.5035,0,-137.6,131.8,255.5,-0.8,0.5077,0,-382.7,340.5,656.6
2025-09-30T18:59,0.7902,-0.2,0.4983,0,-70.1,69.6,135.7,-0.3,0.5017,0,-127.2,122.4,180.6,-0.5,0.5040,0,-354.8,316.0,646.8
2025-09-30T19:14,0.7906,-0.1,0.5018,0,-68.3,68.0,121.9,-0.2,0.5058,0,-125.6,120.9,215.2,-0.8,0.5084,0,-347.4,308.9,673.7
2025-09-30T19:29,0.7926,-0.1,0.5006,0,-68.5,68.1,139.1,-0.3,0.5035,0,-126.1,121.3,177.6,-0.9,0.4989,0,-349.2,310.4,668.5
2025-09-30T19:44,0.7975,-0.3,0.4916,0,-73.9,73.2,71.2,-0.5,0.4967,0,-134.8,129.4,87.4,-1.0,0.4934,0,-369.6,328.4,584.5
2025-09-30T19:59,0.801,-0.2,0.4920,0,-75.0,74.5,96.9,0.1,0.4986,0,-135.4,131.0,10.0,-1.0,0.4932,0,-369.3,328.1,539.5
2025-09-30T20:14,0.8003,-0.0,0.4931,0,-76.5,76.3,125.4,0.1,0.5039,0,-137.3,132.9,33.7,-0.9,0.4951,0,-371.2,330.0,525.7
2025-09-30T20:29,0.8037,-0.1,0.4913,0,-77.4,77.0,81.8,0.1,0.4994,0,-137.7,133.1,9.9,-0.9,0.4917,0,-368.7,327.7,477.4
2025-09-30T20:44,0.8032,-0.0,0.5032,0,-72.3,72.1,68.2,0.1,0.5134,1,-130.3,126.0,37.3,-0.9,0.4958,0,-345.9,307.3,488.4
2025-09-30T20:59,0.8088,-0.1,0.4889,1,-75.7,75.4,-52.1,0.1,0.5024,0,-135.3,130.9,-19.8,-1.0,0.4890,0,-356.0,316.3,420.1
2025-09-30T21:14,0.8104,-0.2,0.4854,1,-77.5,77.0,-32.1,-0.1,0.4990,0,-137.3,132.5,-24.7,-1.0,0.4874,1,-357.7,317.7,388.5
2025-09-30T21:29,0.8103,-0.1,0.4891,1,-77.6,77.3,-43.3,-0.1,0.5042,0,-136.6,131.8,-80.5,-1.0,0.4865,1,-352.5,313.1,370.7
2025-09-30T21:44,0.8087,-0.0,0.4933,0,-79.8,79.6,-52.1,-0.0,0.5090,1,-142.2,137.4,-83.2,-1.0,0.4925,0,-364.0,323.4,378.5
2025-09-30T21:59,0.8046,0.3,0.5049,0,-78.5,78.9,-34.9,0.0,0.5208,1,-142.1,137.3,31.0,-1.0,0.4986,0,-360.4,320.2,440.1
2025-09-30T22:14,0.8078,0.1,0.4983,0,-82.2,82.3,-59.6,-0.1,0.5083,0,-150.5,145.2,3.7,-1.1,0.4924,0,-378.1,335.8,425.3
2025-09-30T22:29,0.8068,0.2,0.5001,0,-80.7,80.9,-28.5,-0.0,0.5117,1,-149.5,144.4,-8.7,-1.0,0.4944,0,-372.5,330.9,434.2
2025-09-30T22:44,0.8045,0.2,0.5057,0,-79.5,79.8,21.1,-0.0,0.5197,1,-147.7,142.7,59.5,-1.0,0.4970,0,-368.4,327.3,465.1
2025-09-30T22:59,0.8018,0.3,0.5113,1,-77.8,78.2,67.1,0.1,0.5178,1,-144.8,140.1,115.3,-1.0,0.5033,0,-361.7,321.3,523.6
2025-09-30T23:14,0.803,0.2,0.5089,0,-75.1,75.3,67.0,-0.0,0.5132,1,-139.9,135.1,69.5,-1.0,0.4959,0,-349.6,310.5,520.5
2025-09-30T23:29,0.8045,0.1,0.5087,0,-76.6,76.7,-8.7,-0.0,0.5117,1,-143.0,138.1,47.1,-0.9,0.4953,0,-357.6,317.7,519.5
2025-09-30T23:44,0.8062,-0.0,0.5021,0,-74.9,74.7,-52.2,-0.1,0.5085,0,-139.8,135.0,-6.2,-0.9,0.4909,0,-349.9,310.9,501.9
2025-09-30T23:59,0.8072,-0.1,0.5011,0,-72.2,71.9,-1.2,-0.1,0.5019,0,-135.0,130.2,-22.3,-0.9,0.4900,0,-338.0,300.3,526.1
